[{"$i":"title","$v":"‮Ӽǝʎqoɐɹp‬"},{"$i":"settingsPageTitle","$v":"‮Ԑnıʅʇ‬-‮ıu‬ ‮Ӽǝʎqoɐɹp‬"},{"$i":"ok","$v":"‮OӼ‬"},{"$i":"keyboardSettings","$v":"‮Ӽǝʎqoɐɹp‬ ‮sǝʇʇıuƃs‬"},{"$i":"cancel","$v":"‮Ↄɐuɔǝʅ‬"},{"$i":"delete","$v":"‮pǝʅǝʇǝ‬"},{"$i":"vibration","$v":"‮Ʌıqɹɐʇıou‬"},{"$i":"clickSound","$v":"‮Ↄʅıɔʞ‬ ‮sonup‬"},{"$i":"autoCorrect","$v":"‮∀nʇo‬ ‮ɔoɹɹǝɔʇıou‬"},{"$i":"wordSuggestion","$v":"‮Ｍoɹp‬ ‮snƃƃǝsʇıou‬"},{"$i":"userDictionary","$v":"‮∩sǝɹ‬ ‮pıɔʇıouɐɹʎ‬"},{"$i":"handwritingKeyboard","$v":"‮Hɐupʍɹıʇıuƃ‬"},{"$i":"strokeWidth","$v":"‮Sʇɹoʞǝ‬ ‮Ｍıpʇɥ‬"},{"$i":"responseSpeed","$v":"‮ᴚǝsdousǝ‬ ‮Sdǝǝp‬"},{"$i":"wordSuggestions2","ariaLabel":"‮Ｍoɹp‬ ‮snƃƃǝsʇıous‬"},{"$i":"dismiss2","ariaLabel":"‮pısɯıss‬"},{"$i":"alternateLayoutKey2","ariaLabel":"‮ɯoɹǝ‬ ‮unɯqǝɹs‬ ‮ɐup‬ ‮sʎɯqoʅs‬"},{"$i":"basicLayoutKey2","ariaLabel":"‮ʅǝʇʇǝɹs‬"},{"$i":"upperCaseKey2","ariaLabel":"‮sɥıɟʇ‬"},{"$i":"backSpaceKey2","ariaLabel":"‮pǝʅǝʇǝ‬"},{"$i":"spaceKey2","ariaLabel":"‮sdɐɔǝ‬"},{"$i":"returnKey2","ariaLabel":"‮ɹǝʇnɹu‬"},{"$i":"periodKey2","ariaLabel":"‮dǝɹıop‬"},{"$i":"commaKey2","ariaLabel":"‮ɔoɯɯɐ‬"},{"$i":"colonKey2","ariaLabel":"‮ɔoʅou‬"},{"$i":"semicolonKey2","ariaLabel":"‮sǝɯıɔoʅou‬"},{"$i":"questionMarkKey2","ariaLabel":"‮bnǝsʇıou‬ ‮ɯɐɹʞ‬"},{"$i":"exclamationPointKey2","ariaLabel":"‮ǝxɔʅɐɯɐʇıou‬ ‮doıuʇ‬"},{"$i":"leftBracketKey2","ariaLabel":"‮ʅǝɟʇ‬ ‮qɹɐɔʞǝʇ‬"},{"$i":"rightBracketKey2","ariaLabel":"‮ɹıƃɥʇ‬ ‮qɹɐɔʞǝʇ‬"},{"$i":"doubleQuoteKey2","ariaLabel":"‮ponqʅǝ‬ ‮bnoʇǝ‬"},{"$i":"leftDoubleAngleQuoteKey2","ariaLabel":"‮ʅǝɟʇ‬ ‮ponqʅǝ‬ ‮ɐuƃʅǝ‬ ‮bnoʇǝ‬"},{"$i":"rightDoubleAngleQuoteKey2","ariaLabel":"‮ɹıƃɥʇ‬ ‮ponqʅǝ‬ ‮ɐuƃʅǝ‬ ‮bnoʇǝ‬"},{"$i":"userDictionaryPanelHeader","$v":"‮∩sǝɹ‬ ‮pıɔʇıouɐɹʎ‬"},{"$i":"userDictionaryNoWord","$v":"‮No‬ ‮ʍoɹps‬ ‮ıu‬ ‮ʇɥǝ‬ ‮nsǝɹ‬ ‮pıɔʇıouɐɹʎ‬."},{"$i":"userDictionaryAddNow","$v":"‮∀pp‬ ‮ɐ‬ ‮ʍoɹp‬ ‮uoʍ‬."},{"$i":"userDictionaryAddButton","ariaLabel":"‮ɐpp‬ ‮ʍoɹp‬"},{"$i":"userDictionaryAdd","$v":"‮∀pp‬ ‮Ｍoɹp‬"},{"$i":"userDictionaryEdit","$v":"‮Ǝpıʇ‬ ‮Ｍoɹp‬"},{"$i":"userDictionarySaveButton","$v":"‮Sɐʌǝ‬"},{"$i":"userDictionaryDeleteButton","$v":"‮pǝʅǝʇǝ‬"},{"$i":"userDictionaryDeletePrompt","$v":["‮pǝʅǝʇǝ‬ ‮ʍoɹp‬ “",{"t":"idOrVar","v":"word"},"”?"]},{"$i":"installed-keyboards-title","$v":"‮Iusʇɐʅʅǝp‬ ‮Ӽǝʎqoɐɹps‬"},{"$i":"more-keyboards-title","$v":"‮Woɹǝ‬ ‮Ӽǝʎqoɐɹps‬"},{"$i":"enablePrompt","$v":["‮Ǝuɐqʅǝ‬ ",{"t":"idOrVar","v":"keyboard"}," ‮uoʍ‬?"]},{"$i":"enablePromptEnable","$v":"‮Ǝuɐqʅǝ‬"},{"$i":"enablePromptNotNow","$v":"‮Noʇ‬ ‮Noʍ‬"},{"$i":"dataConnectionPrompt","$v":"‮Ｍɥǝu‬ ‮nsıuƃ‬ ‮ɐ‬ ‮pɐʇɐ‬ ‮ɔouuǝɔʇıou‬, ‮ɐppıʇıouɐʅ‬ ‮ɔosʇs‬ ‮ɯɐʎ‬ ‮ɐddʅʎ‬. ‮po‬ ‮ʎon‬ ‮ʍɐuʇ‬ ‮ʇo‬ ‮ɔouʇıunǝ‬?"},{"$i":"rememberMyChoice","$v":"‮ᴚǝɯǝɯqǝɹ‬ ‮ɯʎ‬ ‮ɔɥoıɔǝ‬"},{"$i":"dataConnectionPromptCancel","$v":"‮Ↄɐuɔǝʅ‬"},{"$i":"dataConnectionPromptContinue","$v":"‮Ↄouʇıunǝ‬"},{"$i":"downloadFailed","$v":"‮poʍuʅoɐp‬ ‮ɟɐıʅǝp‬."},{"$i":"removePrompt","$v":["‮ᴚǝɯoʌǝ‬ ‮ʞǝʎqoɐɹp‬ ",{"t":"idOrVar","v":"keyboard"},"?"]},{"$i":"removePromptRemove","$v":"‮ᴚǝɯoʌǝ‬"},{"$i":"removePromptCancel","$v":"‮Ↄɐuɔǝʅ‬"},{"$i":"preInstalledStatus","$v":[{"t":"idOrVar","v":"size"}," ",{"t":"idOrVar","v":"sizeUnit"}]},{"$i":"installableStatus","$v":[{"t":"idOrVar","v":"size"}," ",{"t":"idOrVar","v":"sizeUnit"}]},{"$i":"downloadingStatus","$v":["‮poʍuʅoɐpıuƃ‬… (",{"t":"idOrVar","v":"loadedSize"}," ",{"t":"idOrVar","v":"loadedSizeUnit"},"/",{"t":"idOrVar","v":"totalSize"}," ",{"t":"idOrVar","v":"totalSizeUnit"},")"]},{"$i":"installedStatus","$v":[{"t":"idOrVar","v":"size"}," ",{"t":"idOrVar","v":"sizeUnit"}]},{"$i":"removingStatus","$v":"‮ᴚǝɯoʌıuƃ‬…"},{"$i":"downloadButton","ariaLabel":"‮poʍuʅoɐp‬"},{"$i":"cancelDownloadButton","ariaLabel":"‮ɔɐuɔǝʅ‬ ‮poʍuʅoɐp‬"},{"$i":"removeButton","ariaLabel":"‮ɹǝɯoʌǝ‬"},{"$i":"byteUnit-B","$v":"‮Ԑʎʇǝs‬"},{"$i":"byteUnit-KB","$v":"‮ӼԐ‬"},{"$i":"byteUnit-MB","$v":"‮WԐ‬"},{"$i":"byteUnit-GB","$v":"‮פԐ‬"}]