[{"$i":"label","$v":"Label"},{"$i":"mobile","$v":"Mobile"},{"$i":"home","$v":"Home"},{"$i":"work","$v":"Work"},{"$i":"personal","$v":"Personal"},{"$i":"faxHome","$v":"Fax home"},{"$i":"faxOffice","$v":"Fax office"},{"$i":"faxOther","$v":"Fax other"},{"$i":"another","$v":"Another"},{"$i":"other","$v":"Other"},{"$i":"customTag","placeholder":"Custom tag"},{"$i":"current","$v":"Current"},{"$i":"itemWithLabel","$v":[{"t":"idOrVar","v":"label"},", ",{"t":"idOrVar","v":"item"}]},{"$i":"error","$v":"Error"},{"$i":"ok","$v":"OK"},{"$i":"cancel","$v":"Cancel"},{"$i":"emergency-call-only","$v":"Emergency Call Only"},{"$i":"emergency-call-error","$v":[{"t":"idOrVar","v":"number"}," is not an emergency number."]},{"$i":"ice-contacts-bar-text","$v":"ICE Contacts - In Case of Emergency"},{"$i":"ice-contacts-overlay-title","$v":"ICE Contacts"},{"$i":"phoneNumberInput","ariaLabel":"Phone number"},{"$i":"keypadDelete","ariaLabel":"Delete"},{"$i":"voiceMailKey","ariaLabel":"Voicemail"},{"$i":"asterisk","ariaLabel":"Asterisk"},{"$i":"hashSign","ariaLabel":"Hash sign"},{"$i":"keypadCancel","$v":"Cancel"},{"$i":"loadingSimContacts","$v":"Loading SIM card contacts…"},{"$i":"noContactsWereFound","$v":"No contacts were found"},{"$i":"noContactsFoundDialogOk","$v":"OK"},{"$i":"noSimCardToLoadContactsFrom","$v":"No SIM card to load contacts from"},{"$i":"emergencyNumber","$v":"Emergency number"},{"$i":"callAirplaneModeMessage","$v":"To make a call you need to disable airplane mode in settings."},{"$i":"callAirplaneModeBtnOk","$v":"OK"},{"$i":"callAirplaneModeTitle","$v":"Airplane mode activated"},{"$i":"numberIsBusyTitle","$v":"Number is busy"},{"$i":"numberIsBusyMessage","$v":"The number is currently busy. Please try again later."},{"$i":"fdnIsActiveTitle","$v":"FDN active"},{"$i":"fdnIsActiveMessage","$v":["FDN (Fixed Dialing Numbers) is activated and the following number is not in your FDN list: ",{"t":"idOrVar","v":"number"}]},{"$i":"emergencyDialogBodyBadNumber","$v":"To make a call, the phone must be connected to a network."},{"$i":"emergencyDialogBodyDeviceNotAccepted","$v":"Emergency calls are not allowed by the network."},{"$i":"emergencyDialogBtnOk","$v":"OK"},{"$i":"emergencyDialogTitle","$v":"No network connection"},{"$i":"invalidNumberToDialTitle","$v":"Invalid phone number"},{"$i":"invalidNumberToDialMessage","$v":"The phone number you are calling is not valid."},{"$i":"unableToCallTitle","$v":"Unable to make a phone call now"},{"$i":"unableToCallMessage","$v":"Cannot make a call. If you are already dialing, please hang up first."},{"$i":"otherConnectionInUseTitle","$v":"Other connection in use"},{"$i":"otherConnectionInUseMessage","$v":"You have an active call on another connection. You can only use one connection at a time."},{"$i":"callBarredByTheOperatorMessage","$v":"Call was barred by the operator"},{"$i":"phone_type_mobile","$v":"Mobile"},{"$i":"phone_type_home","$v":"Home"},{"$i":"phone_type_work","$v":"Work"},{"$i":"phone_type_personal","$v":"Personal"},{"$i":"phone_type_fax_home","$v":"Fax home"},{"$i":"phone_type_fax_office","$v":"Fax office"},{"$i":"phone_type_fax_other","$v":"Fax other"},{"$i":"phone_type_other","$v":"Other"},{"$i":"phone_type_custom","$v":[{"t":"idOrVar","v":"type"}]},{"$i":"phone_type_mobile_and_carrier","$v":["Mobile, ",{"t":"idOrVar","v":"carrier"}]},{"$i":"phone_type_home_and_carrier","$v":["Home, ",{"t":"idOrVar","v":"carrier"}]},{"$i":"phone_type_work_and_carrier","$v":["Work, ",{"t":"idOrVar","v":"carrier"}]},{"$i":"phone_type_personal_and_carrier","$v":["Personal, ",{"t":"idOrVar","v":"carrier"}]},{"$i":"phone_type_fax_home_and_carrier","$v":["Fax home, ",{"t":"idOrVar","v":"carrier"}]},{"$i":"phone_type_fax_office_and_carrier","$v":["Fax office, ",{"t":"idOrVar","v":"carrier"}]},{"$i":"phone_type_fax_other_and_carrier","$v":["Fax other, ",{"t":"idOrVar","v":"carrier"}]},{"$i":"phone_type_other_and_carrier","$v":["Other, ",{"t":"idOrVar","v":"carrier"}]},{"$i":"phone_type_custom_and_carrier","$v":[{"t":"idOrVar","v":"type"},", ",{"t":"idOrVar","v":"carrier"}]},{"$i":"gaia-menu-cancel","$v":"Cancel"},{"$i":"gaia-sim-picker-dial-via-with-number","$v":["Dial ",{"t":"idOrVar","v":"phoneNumber"}," via"]},{"$i":"gaia-sim-picker-select-sim","$v":"Select SIM"},{"$i":"gaia-sim-picker-button","$v":["SIM",{"t":"idOrVar","v":"n"}]},{"$i":"gaia-sim-picker-button-default","$v":"(default)"}]