[{"$i":"addNewNumber","$v":"Ȧȧḓḓ ƞḗḗẇ ƞŭŭḿƀḗḗř"},{"$i":"contactDetails","$v":"Ƈǿǿƞŧȧȧƈŧ ḓḗḗŧȧȧīīŀş"},{"$i":"addToExistingContact","$v":"Ȧȧḓḓ ŧǿǿ ḗḗẋīīşŧīīƞɠ ƈǿǿƞŧȧȧƈŧ"},{"$i":"all","$v":"Ȧȧŀŀ","ariaLabel":"Ȧȧŀŀ"},{"$i":"bluetoothOption","ariaLabel":"Ɓŀŭŭḗḗŧǿǿǿǿŧħ"},{"$i":"callLog","$v":"Ƈȧȧŀŀ ŀǿǿɠ"},{"$i":"callLogEditButton","ariaLabel":"Ḗḗḓīīŧ ƈȧȧŀŀ ŀǿǿɠ"},{"$i":"callLogEditDialog","ariaLabel":"Ḗḗḓīīŧ ƈȧȧŀŀ ŀǿǿɠ ḓīīȧȧŀǿǿɠ"},{"$i":"connecting","$v":"Ƈǿǿƞƞḗḗƈŧīīƞɠ"},{"$i":"connectingEllipsis","$v":"Ƈǿǿƞƞḗḗƈŧīīƞɠ…"},{"$i":"call-forwarding-async","$v":["Ȧȧşẏƞƈħřǿǿƞǿǿŭŭş: ",{"t":"idOrVar","v":"async"}]},{"$i":"call-forwarding-data","$v":["Ḓȧȧŧȧȧ: ",{"t":"idOrVar","v":"data"}]},{"$i":"call-forwarding-error","$v":"Ȧȧƞ ḗḗřřǿǿř ǿǿƈƈŭŭřřḗḗḓ ẇħīīŀḗḗ řḗḗŧřīīḗḗṽīīƞɠ ƈȧȧŀŀ ƒǿǿřẇȧȧřḓīīƞɠ şŧȧȧŧŭŭş"},{"$i":"call-forwarding-fax","$v":["ƑȦȧẊ: ",{"t":"idOrVar","v":"fax"}]},{"$i":"call-forwarding-inactive","$v":"Īīƞȧȧƈŧīīṽḗḗ"},{"$i":"call-forwarding-packet","$v":["Ƥȧȧƈķḗḗŧ: ",{"t":"idOrVar","v":"packet"}]},{"$i":"call-forwarding-pad","$v":["ƤȦȧḒ: ",{"t":"idOrVar","v":"pad"}]},{"$i":"call-forwarding-sms","$v":["ŞḾŞ: ",{"t":"idOrVar","v":"sms"}]},{"$i":"call-forwarding-status","$v":"Ƈȧȧŀŀ ƒǿǿřẇȧȧřḓīīƞɠ şŧȧȧŧŭŭş"},{"$i":"call-forwarding-sync","$v":["Şẏƞƈħřǿǿƞǿǿŭŭş: ",{"t":"idOrVar","v":"sync"}]},{"$i":"call-forwarding-voice","$v":["Ṽǿǿīīƈḗḗ: ",{"t":"idOrVar","v":"voice"}]},{"$i":"close","$v":"Ƈŀǿǿşḗḗ"},{"$i":"confirm-deletion","$v":"Ƈŀḗḗȧȧř şḗḗŀḗḗƈŧḗḗḓ ƈȧȧŀŀş?"},{"$i":"contacts","ariaLabel":"Ƈǿǿƞŧȧȧƈŧş"},{"$i":"createNewContact","$v":"Ƈřḗḗȧȧŧḗḗ ƞḗḗẇ ƈǿǿƞŧȧȧƈŧ"},{"$i":"delete","$v":"Ḓḗḗŀḗḗŧḗḗ"},{"$i":"deselectAll","$v":"Ḓḗḗşḗḗŀḗḗƈŧ ȧȧŀŀ"},{"$i":"dialerAddContact","ariaLabel":"Ȧȧḓḓ ƈǿǿƞŧȧȧƈŧ"},{"$i":"dialerAddContactDialog","ariaLabel":"Ȧȧḓḓ Ƈǿǿƞŧȧȧƈŧ Ḓīīȧȧŀǿǿɠ"},{"$i":"callInformation","$v":"Ƈȧȧŀŀ Īīƞƒǿǿřḿȧȧŧīīǿǿƞ"},{"$i":"edit-selected","$v":{"one":[{"t":"idOrVar","v":"n"}," şḗḗŀḗḗƈŧḗḗḓ"],"two":[{"t":"idOrVar","v":"n"}," şḗḗŀḗḗƈŧḗḗḓ"],"few":[{"t":"idOrVar","v":"n"}," şḗḗŀḗḗƈŧḗḗḓ"],"many":[{"t":"idOrVar","v":"n"}," şḗḗŀḗḗƈŧḗḗḓ"],"other":[{"t":"idOrVar","v":"n"}," şḗḗŀḗḗƈŧḗḗḓ"]},"$x":[{"t":"idOrVar","v":"plural"},"n"]},{"$i":"edit","$v":"Ḗḗḓīīŧ"},{"$i":"hideKeypad","ariaLabel":"Ħīīḓḗḗ ķḗḗẏƥȧȧḓ"},{"$i":"ignore","$v":"Īīɠƞǿǿřḗḗ Ƈȧȧŀŀ"},{"$i":"incoming","$v":"Īīƞƈǿǿḿīīƞɠ"},{"$i":"keypad","ariaLabel":"Ķḗḗẏƥȧȧḓ"},{"$i":"makeCall","ariaLabel":"Ḿȧȧķḗḗ ƈȧȧŀŀ"},{"$i":"merge","ariaLabel":"Ḿḗḗřɠḗḗ"},{"$i":"info-missed","$v":"Ḿīīşşḗḗḓ"},{"$i":"missed","$v":"Ḿīīşşḗḗḓ","ariaLabel":"Ḿīīşşḗḗḓ"},{"$i":"canceled","$v":"Ƈȧȧƞƈḗḗŀḗḗḓ"},{"$i":"missedCall","$v":"Ḿīīşşḗḗḓ ƈȧȧŀŀ"},{"$i":"missedCallMultiSims","$v":["(ŞĪīḾ ",{"t":"idOrVar","v":"n"},") Ḿīīşşḗḗḓ ƈȧȧŀŀ"]},{"$i":"mmi-error","$v":"Ȧȧƞ ḗḗřřǿǿř ǿǿƈƈŭŭřřḗḗḓ ẇħīīŀḗḗ şḗḗƞḓīīƞɠ ŧħḗḗ ḿḗḗşşȧȧɠḗḗ"},{"$i":"mmi-session-expired","$v":"Şḗḗşşīīǿǿƞ ḗḗẋƥīīřḗḗḓ"},{"$i":"mmi-successfully-sent","$v":"Ḿḗḗşşȧȧɠḗḗ şŭŭƈƈḗḗşşƒŭŭŀŀẏ şḗḗƞŧ"},{"$i":"mmi-notification-title-with-sim","$v":["(",{"t":"idOrVar","v":"sim"},") ",{"t":"idOrVar","v":"title"}]},{"$i":"mute","ariaLabel":"Ḿŭŭŧḗḗ"},{"$i":"newCall","ariaLabel":"Ƞḗḗẇ ƈȧȧŀŀ"},{"$i":"no-logs-msg-1","$v":"Ƞǿǿ ƈȧȧŀŀş řḗḗƈǿǿřḓḗḗḓ"},{"$i":"no-logs-msg-2","$v":"Şŧȧȧřŧ ƈǿǿḿḿŭŭƞīīƈȧȧŧīīƞɠ ƞǿǿẇ"},{"$i":"no-logs-msg-3","$v":"Ƞǿǿ ḿīīşşḗḗḓ ƈȧȧŀŀş"},{"$i":"onHoldOption","ariaLabel":"Ǿǿƞ ħǿǿŀḓ"},{"$i":"outgoing","$v":"Ǿǿŭŭŧɠǿǿīīƞɠ"},{"$i":"recents","ariaLabel":"Řḗḗƈḗḗƞŧ ƈȧȧŀŀş"},{"$i":"reply","$v":"Řḗḗƥŀẏ"},{"$i":"selectAll","$v":"Şḗḗŀḗḗƈŧ ȧȧŀŀ"},{"$i":"send","$v":"Şḗḗƞḓ"},{"$i":"switch-calls","$v":"Şẇīīŧƈħ ƈȧȧŀŀş"},{"$i":"today","$v":"Ŧǿǿḓȧȧẏ"},{"$i":"withheld-number","$v":"Ẇīīŧħħḗḗŀḓ ƞŭŭḿƀḗḗř"},{"$i":"from-contact","$v":["Ƒřǿǿḿ ",{"t":"idOrVar","v":"contact"}]},{"$i":"from-number","$v":["Ƒřǿǿḿ ",{"t":"idOrVar","v":"number"}]},{"$i":"from-withheld-number","$v":"Ƒřǿǿḿ ẇīīŧħħḗḗŀḓ ƞŭŭḿƀḗḗř"},{"$i":"yesterday","$v":"Ẏḗḗşŧḗḗřḓȧȧẏ"},{"$i":"sending","$v":"Şḗḗƞḓīīƞɠ…"},{"$i":"speakerOption","ariaLabel":"Şƥḗḗȧȧķḗḗř"},{"$i":"ussd-services","$v":[{"t":"idOrVar","v":"operator"}," şḗḗřṽīīƈḗḗş"]},{"$i":"toggleKeypad","ariaLabel":"Ŧǿǿɠɠŀḗḗ ķḗḗẏƥȧȧḓ"},{"$i":"type-your-response","placeholder":"Ŧẏƥḗḗ ẏǿǿŭŭř řḗḗşƥǿǿƞşḗḗ…"},{"$i":"clear-all-text","$v":"Ƈŀḗḗȧȧř ȧȧŀŀ ŧḗḗẋŧ"},{"$i":"hide","$v":"Ħīīḓḗḗ"},{"$i":"call","$v":"Ƈȧȧŀŀ"},{"$i":"hold","ariaLabel":"Ħǿǿŀḓ"},{"$i":"resume","$v":"Řḗḗşŭŭḿḗḗ","ariaLabel":"Řḗḗşŭŭḿḗḗ"},{"$i":"sendSms","$v":"Şḗḗƞḓ Ḿḗḗşşȧȧɠḗḗ"},{"$i":"callEnded","$v":"Ƈȧȧŀŀ Ḗḗƞḓḗḗḓ"},{"$i":"via-sim","$v":["ṽīīȧȧ ŞĪīḾ",{"t":"idOrVar","v":"n"}]},{"$i":"sim-number","$v":["ŞĪīḾ",{"t":"idOrVar","v":"n"}]},{"$i":"unknown","$v":"Ŭŭƞķƞǿǿẇƞ"},{"$i":"cancel","$v":"Ƈȧȧƞƈḗḗŀ"},{"$i":"remove","$v":"Řḗḗḿǿǿṽḗḗ"},{"$i":"cleanFbConfirmMsg","$v":"Řḗḗḿǿǿṽḗḗ ȧȧŀŀ Ƒȧȧƈḗḗƀǿǿǿǿķ ḓȧȧŧȧȧ?"},{"$i":"deleteConfirmMsg","$v":"Ḓḗḗŀḗḗŧḗḗ ƈǿǿƞŧȧȧƈŧ?"},{"$i":"ContactConfirmDel","$v":{"zero":"Ƞǿǿ Ƈǿǿƞŧȧȧƈŧ ŧǿǿ Ḓḗḗŀḗḗŧḗḗ","one":"Ḓḗḗŀḗḗŧḗḗ 1 Ƈǿǿƞŧȧȧƈŧ? Ŧħīīş ƈȧȧƞƞǿǿŧ ƀḗḗ ŭŭƞḓǿǿƞḗḗ.","two":["Ḓḗḗŀḗḗŧḗḗ ",{"t":"idOrVar","v":"n"}," Ƈǿǿƞŧȧȧƈŧş? Ŧħīīş ƈȧȧƞƞǿǿŧ ƀḗḗ ŭŭƞḓǿǿƞḗḗ."],"few":["Ḓḗḗŀḗḗŧḗḗ ",{"t":"idOrVar","v":"n"}," Ƈǿǿƞŧȧȧƈŧş? Ŧħīīş ƈȧȧƞƞǿǿŧ ƀḗḗ ŭŭƞḓǿǿƞḗḗ."],"many":["Ḓḗḗŀḗḗŧḗḗ ",{"t":"idOrVar","v":"n"}," Ƈǿǿƞŧȧȧƈŧş? Ŧħīīş ƈȧȧƞƞǿǿŧ ƀḗḗ ŭŭƞḓǿǿƞḗḗ."],"other":["Ḓḗḗŀḗḗŧḗḗ ",{"t":"idOrVar","v":"n"}," Ƈǿǿƞŧȧȧƈŧş? Ŧħīīş ƈȧȧƞƞǿǿŧ ƀḗḗ ŭŭƞḓǿǿƞḗḗ."]},"$x":[{"t":"idOrVar","v":"plural"},"n"]},{"$i":"retry","$v":"Řḗḗŧřẏ"},{"$i":"hangup-a11y-button","ariaLabel":"Ħȧȧƞɠ Ŭŭƥ"},{"$i":"pickup-a11y-button","ariaLabel":"Ƥīīƈķ ŭŭƥ"},{"$i":"unlock-a11y-button","ariaLabel":"Şŀīīḓḗḗř"},{"$i":"settings","$v":"Şḗḗŧŧīīƞɠş"},{"$i":"delete-n-log?","$v":{"zero":"Ƞǿǿŧħīīƞɠ şḗḗŀḗḗƈŧḗḗḓ","one":"Ḓḗḗŀḗḗŧḗḗ şḗḗŀḗḗƈŧḗḗḓ ŀǿǿɠ?","two":["Ḓḗḗŀḗḗŧḗḗ ",{"t":"idOrVar","v":"n"}," ŀǿǿɠş?"],"few":["Ḓḗḗŀḗḗŧḗḗ ",{"t":"idOrVar","v":"n"}," ŀǿǿɠş?"],"many":["Ḓḗḗŀḗḗŧḗḗ ",{"t":"idOrVar","v":"n"}," ŀǿǿɠş?"],"other":["Ḓḗḗŀḗḗŧḗḗ ",{"t":"idOrVar","v":"n"}," ŀǿǿɠş?"]},"$x":[{"t":"idOrVar","v":"plural"},"n"]},{"$i":"composeEmail","ariaLabel":"Ḗḗḿȧȧīīŀ"},{"$i":"emailDetail","ariaLabel":"Ḗḗḿȧȧīīŀ"},{"$i":"phoneDetail","ariaLabel":"Ƥħǿǿƞḗḗ"},{"$i":"send-sms-button","ariaLabel":"ŞḾŞ"},{"$i":"separator","$v":","},{"$i":"callDurationMinutes","$v":[{"t":"idOrVar","v":"m"},":",{"t":"idOrVar","v":"s"}]},{"$i":"callDurationHours","$v":[{"t":"idOrVar","v":"h"},":",{"t":"idOrVar","v":"m"},":",{"t":"idOrVar","v":"s"}]},{"$i":"callDurationTextFormatSeconds","$v":[{"t":"idOrVar","v":"s"}," ş"]},{"$i":"callDurationTextFormatMinutes","$v":[{"t":"idOrVar","v":"m"}," ḿ ",{"t":"idOrVar","v":"s"}," ş"]},{"$i":"callDurationTextFormatHours","$v":[{"t":"idOrVar","v":"h"}," ħ ",{"t":"idOrVar","v":"m"}," ḿ ",{"t":"idOrVar","v":"s"}," ş"]},{"$i":"suggestionMatches","$v":{"one":[{"t":"idOrVar","v":"n"}," ḿȧȧŧƈħ ƒǿǿř \"",{"t":"idOrVar","v":"matchNumber"},"\""],"two":[{"t":"idOrVar","v":"n"}," ḿȧȧŧƈħḗḗş ƒǿǿř \"",{"t":"idOrVar","v":"matchNumber"},"\""],"few":[{"t":"idOrVar","v":"n"}," ḿȧȧŧƈħḗḗş ƒǿǿř \"",{"t":"idOrVar","v":"matchNumber"},"\""],"many":[{"t":"idOrVar","v":"n"}," ḿȧȧŧƈħḗḗş ƒǿǿř \"",{"t":"idOrVar","v":"matchNumber"},"\""],"other":[{"t":"idOrVar","v":"n"}," ḿȧȧŧƈħḗḗş ƒǿǿř \"",{"t":"idOrVar","v":"matchNumber"},"\""]},"$x":[{"t":"idOrVar","v":"plural"},"n"]},{"$i":"scCallBarring","$v":"Ƈȧȧŀŀ ƀȧȧřřīīƞɠ"},{"$i":"scCallForwarding","$v":"Ƈȧȧŀŀ ƒǿǿřẇȧȧřḓīīƞɠ"},{"$i":"scClip","$v":"Īīƞƈǿǿḿīīƞɠ Ƈȧȧŀŀḗḗř ĪīḒ"},{"$i":"scClir","$v":"Ǿǿŭŭŧɠǿǿīīƞɠ Ƈȧȧŀŀḗḗř ĪīḒ"},{"$i":"scPwd","$v":"Ƥȧȧşşẇǿǿřḓ ƈħȧȧƞɠḗḗ"},{"$i":"scCallWaiting","$v":"Ƈȧȧŀŀ ẇȧȧīīŧīīƞɠ"},{"$i":"scPin","$v":"ƤĪīȠ ƈħȧȧƞɠḗḗ"},{"$i":"scPin2","$v":"ƤĪīȠ2 ƈħȧȧƞɠḗḗ"},{"$i":"scPuk","$v":"Ŭŭƞƀŀǿǿƈķ ƤĪīȠ"},{"$i":"scPuk2","$v":"Ŭŭƞƀŀǿǿƈķ ƤĪīȠ2"},{"$i":"scImei","$v":"ĪīḾḖḗĪī"},{"$i":"scUssd","$v":"ŬŭŞŞḒ"},{"$i":"serviceClassVoice","$v":"Ṽǿǿīīƈḗḗ"},{"$i":"serviceClassData","$v":"Ḓȧȧŧȧȧ"},{"$i":"serviceClassFax","$v":"ƑȦȧẊ"},{"$i":"serviceClassSms","$v":"ŞḾŞ"},{"$i":"serviceClassDataSync","$v":"Şẏƞƈ"},{"$i":"serviceClassDataAsync","$v":"Ȧȧşẏƞƈ"},{"$i":"serviceClassPacket","$v":"Ƥȧȧƈķḗḗŧ"},{"$i":"serviceClassPad","$v":"ƤȦȧḒ"},{"$i":"smServiceEnabled","$v":"Şḗḗřṽīīƈḗḗ ẇȧȧş ḗḗƞȧȧƀŀḗḗḓ"},{"$i":"smServiceDisabled","$v":"Şḗḗřṽīīƈḗḗ ħȧȧş ƀḗḗḗḗƞ ḓīīşȧȧƀŀḗḗḓ"},{"$i":"smServiceRegistered","$v":"Řḗḗɠīīşŧřȧȧŧīīǿǿƞ ẇȧȧş şŭŭƈƈḗḗşşƒŭŭŀ"},{"$i":"smServiceErased","$v":"Ḗḗřȧȧşŭŭřḗḗ ẇȧȧş şŭŭƈƈḗḗşşƒŭŭŀ"},{"$i":"smServiceInterrogated","$v":"Řḗḗɋŭŭḗḗşŧ ẇȧȧş şŭŭƈƈḗḗşşƒŭŭŀ"},{"$i":"smServiceNotProvisioned","$v":"Şḗḗřṽīīƈḗḗ ƞǿǿŧ ƥřǿǿṽīīşīīǿǿƞḗḗḓ"},{"$i":"smClirPermanent","$v":"Ẏǿǿŭŭ ƈȧȧƞ ƞǿǿŧ ƈħȧȧƞɠḗḗ ŧħḗḗ ƈȧȧŀŀḗḗř ĪīḒ şḗḗŧŧīīƞɠ"},{"$i":"smClirDefaultOnNextCallOn","$v":"Ƈȧȧŀŀḗḗř ĪīḒ ḓḗḗƒȧȧŭŭŀŧş ŧǿǿ řḗḗşŧřīīƈŧḗḗḓ. Ƞḗḗẋŧ ƈȧȧŀŀ: Řḗḗşŧřīīƈŧḗḗḓ"},{"$i":"smClirDefaultOnNextCallOff","$v":"Ƈȧȧŀŀḗḗř ĪīḒ ḓḗḗƒȧȧŭŭŀŧş ŧǿǿ řḗḗşŧřīīƈŧḗḗḓ. Ƞḗḗẋŧ ƈȧȧŀŀ: Ƞǿǿŧ řḗḗşŧřīīƈŧḗḗḓ"},{"$i":"smClirDefaultOffNextCallOn","$v":"Ƈȧȧŀŀḗḗř ĪīḒ ḓḗḗƒȧȧŭŭŀŧş ŧǿǿ ƞǿǿŧ řḗḗşŧřīīƈŧḗḗḓ. Ƞḗḗẋŧ ƈȧȧŀŀ: Řḗḗşŧřīīƈŧḗḗḓ"},{"$i":"smClirDefaultOffNextCallOff","$v":"Ƈȧȧŀŀḗḗř ĪīḒ ḓḗḗƒȧȧŭŭŀŧş ŧǿǿ ƞǿǿŧ řḗḗşŧřīīƈŧḗḗḓ. Ƞḗḗẋŧ ƈȧȧŀŀ: Ƞǿǿŧ řḗḗşŧřīīƈŧḗḗḓ"},{"$i":"smServiceEnabledFor","$v":"Şḗḗřṽīīƈḗḗ ẇȧȧş ḗḗƞȧȧƀŀḗḗḓ ƒǿǿř:"},{"$i":"smPinChanged","$v":"ƤĪīȠ şŭŭƈƈḗḗşşƒŭŭŀŀẏ ƈħȧȧƞɠḗḗḓ"},{"$i":"smPinUnblocked","$v":"ƤĪīȠ şŭŭƈƈḗḗşşƒŭŭŀŀẏ ŭŭƞƀŀǿǿƈķḗḗḓ"},{"$i":"smPin2Changed","$v":"ƤĪīȠ2 şŭŭƈƈḗḗşşƒŭŭŀŀẏ ƈħȧȧƞɠḗḗḓ"},{"$i":"smPin2Unblocked","$v":"ƤĪīȠ2 şŭŭƈƈḗḗşşƒŭŭŀŀẏ ŭŭƞƀŀǿǿƈķḗḗḓ"},{"$i":"ServiceIsEnabled","$v":"Şḗḗřṽīīƈḗḗ īīş ḗḗƞȧȧƀŀḗḗḓ"},{"$i":"ServiceIsDisabled","$v":"Şḗḗřṽīīƈḗḗ īīş ḓīīşȧȧƀŀḗḗḓ"},{"$i":"ServiceIsEnabledFor","$v":"Şḗḗřṽīīƈḗḗ īīş ḗḗƞȧȧƀŀḗḗḓ ƒǿǿř:"},{"$i":"emMmiError","$v":"Ƈǿǿƞƞḗḗƈŧīīǿǿƞ ƥřǿǿƀŀḗḗḿ ǿǿř īīƞṽȧȧŀīīḓ ḾḾĪī ƈǿǿḓḗḗ"},{"$i":"emMmiErrorPasswordIncorrect","$v":"Īīƞƈǿǿřřḗḗƈŧ Ƥȧȧşşẇǿǿřḓ"},{"$i":"emMmiErrorNotSupported","$v":"Īīƞṽȧȧŀīīḓ ǿǿř Ŭŭƞşŭŭƥƥǿǿřŧḗḗḓ ḾḾĪī Ƈǿǿḓḗḗ"},{"$i":"emMmiErrorInvalidAction","$v":"Īīƞṽȧȧŀīīḓ ȧȧƈŧīīǿǿƞ"},{"$i":"emMmiErrorInvalidScCode","$v":"Īīƞṽȧȧŀīīḓ şḗḗřṽīīƈḗḗ ƈǿǿḓḗḗ"},{"$i":"emMmiErrorBadPuk","$v":"Ŧħḗḗ ƤŬŭĶ ẏǿǿŭŭ ŧẏƥḗḗḓ īīş ƞǿǿŧ ƈǿǿřřḗḗƈŧ"},{"$i":"emMmiErrorBadPin","$v":"Ŧħḗḗ ǿǿŀḓ ƤĪīȠ ẏǿǿŭŭ ŧẏƥḗḗḓ īīş ƞǿǿŧ ƈǿǿřřḗḗƈŧ."},{"$i":"emMmiErrorNeedPuk2","$v":"Ŧẏƥḗḗ ƤŬŭĶ2 ŧǿǿ ŭŭƞƀŀǿǿƈķ ŞĪīḾ ƈȧȧřḓ"},{"$i":"emMmiErrorMismatchPin","$v":"Ŧħḗḗ ƤĪīȠş ẏǿǿŭŭ ŧẏƥḗḗḓ ḓǿǿ ƞǿǿŧ ḿȧȧŧƈħ"},{"$i":"emMmiErrorInvalidPin","$v":"Ŧẏƥḗḗ ȧȧ ƤĪīȠ ŧħȧȧŧ īīş 4 ŧǿǿ 8 ƞŭŭḿƀḗḗřş"},{"$i":"emMmiErrorNeedsPuk","$v":"Ẏǿǿŭŭř ŞĪīḾ ƈȧȧřḓ īīş ƤŬŭĶ-ŀǿǿƈķḗḗḓ"},{"$i":"emMmiErrorEnablePin","$v":"Ŭŭƞşŭŭƈƈḗḗşşƒŭŭŀ. Ḗḗƞȧȧƀŀḗḗ ŞĪīḾ/ŘŬŭĪīḾ ĿǾǿƇĶ"},{"$i":"emMmiErrorMmiFdn","$v":"Ǿǿƥḗḗřȧȧŧīīǿǿƞ īīş řḗḗşŧřīīƈŧḗḗḓ ŧǿǿ ƒīīẋḗḗḓ ḓīīȧȧŀīīƞɠ ƞŭŭḿƀḗḗřş ǿǿƞŀẏ"},{"$i":"emMmiErrorStkCcUssdDial","$v":"ŬŭŞŞḒ řḗḗɋŭŭḗḗşŧ īīş ḿǿǿḓīīƒīīḗḗḓ ŧǿǿ ḒĪīȦȧĿ řḗḗɋŭŭḗḗşŧ"},{"$i":"emMmiErrorStkCcUssdSs","$v":"ŬŭŞŞḒ řḗḗɋŭŭḗḗşŧ īīş ḿǿǿḓīīƒīīḗḗḓ ŧǿǿ ŞŞ řḗḗɋŭŭḗḗşŧ"},{"$i":"emMmiErrorStkCcUssdUssd","$v":"ŬŭŞŞḒ řḗḗɋŭŭḗḗşŧ īīş ḿǿǿḓīīƒīīḗḗḓ ŧǿǿ ƞḗḗẇ ŬŭŞŞḒ řḗḗɋŭŭḗḗşŧ"},{"$i":"emMmiErrorStkCcSsDial","$v":"ŞŞ řḗḗɋŭŭḗḗşŧ īīş ḿǿǿḓīīƒīīḗḗḓ ŧǿǿ ḒĪīȦȧĿ řḗḗɋŭŭḗḗşŧ"},{"$i":"emMmiErrorStkCcSsUssd","$v":"ŞŞ řḗḗɋŭŭḗḗşŧ īīş ḿǿǿḓīīƒīīḗḗḓ ŧǿǿ ŬŭŞŞḒ řḗḗɋŭŭḗḗşŧ"},{"$i":"emMmiErrorStkCcSsSs","$v":"ŞŞ řḗḗɋŭŭḗḗşŧ īīş ḿǿǿḓīīƒīīḗḗḓ ŧǿǿ ƞḗḗẇ ŞŞ řḗḗɋŭŭḗḗşŧ"},{"$i":"emMmiErrorPinPukAttempts","$v":{"one":["Ǿǿƞŀẏ ",{"t":"idOrVar","v":"n"}," řḗḗŧřẏ ŀḗḗƒŧ"],"two":[{"t":"idOrVar","v":"n"}," řḗḗŧřīīḗḗş ŀḗḗƒŧ"],"few":[{"t":"idOrVar","v":"n"}," řḗḗŧřīīḗḗş ŀḗḗƒŧ"],"many":[{"t":"idOrVar","v":"n"}," řḗḗŧřīīḗḗş ŀḗḗƒŧ"],"other":[{"t":"idOrVar","v":"n"}," řḗḗŧřīīḗḗş ŀḗḗƒŧ"]},"$x":[{"t":"idOrVar","v":"plural"},"n"]},{"$i":"emMmiErrorSimBlocked","$v":"Ḿȧȧẋīīḿŭŭḿ ƞŭŭḿƀḗḗř ǿǿƒ řḗḗŧřīīḗḗş ḗḗẋƈḗḗḗḗḓḗḗḓ. ŞĪīḾ ƀŀǿǿƈķḗḗḓ"},{"$i":"RadioNotAvailable","$v":"Řȧȧḓīīǿǿ ƞǿǿŧ ȧȧṽȧȧīīŀȧȧƀŀḗḗ"},{"$i":"GenericFailure","$v":"Ɠḗḗƞḗḗřīīƈ ƒȧȧīīŀŭŭřḗḗ"},{"$i":"PasswordIncorrect","$v":"Ƥȧȧşşẇǿǿřḓ īīƞƈǿǿřřḗḗƈŧ"},{"$i":"SimPin2","$v":"ŞĪīḾ ƤĪīȠ2"},{"$i":"SimPuk2","$v":"ŞĪīḾ ƤŬŭĶ2"},{"$i":"RequestNotSupported","$v":"Řḗḗɋŭŭḗḗşŧ ƞǿǿŧ şŭŭƥƥǿǿřŧḗḗḓ"},{"$i":"OpNotAllowedDuringVoiceCall","$v":"Ǿǿƥḗḗřȧȧŧīīǿǿƞ ƞǿǿŧ ȧȧŀŀǿǿẇḗḗḓ ḓŭŭřīīƞɠ ṽǿǿīīƈḗḗ ƈȧȧŀŀ"},{"$i":"SmsSendFailRetry","$v":"ŞḾŞ şḗḗƞḓ ƒȧȧīīŀ řḗḗŧřẏ"},{"$i":"SimAbsent","$v":"ŞĪīḾ ȧȧƀşḗḗƞŧ"},{"$i":"SubscriptionNotAvailable","$v":"Şŭŭƀşƈřīīƥŧīīǿǿƞ ƞǿǿŧ ȧȧṽȧȧīīŀȧȧƀŀḗḗ"},{"$i":"ModeNotSupported","$v":"Ḿǿǿḓḗḗ ƞǿǿŧ şŭŭƥƥǿǿřŧḗḗḓ"},{"$i":"FdnCheckFailure","$v":"Ƒḓƞ ƈħḗḗƈķ ƒȧȧīīŀŭŭřḗḗ"},{"$i":"IllegalSimOrMe","$v":"Īīŀŀḗḗɠȧȧŀ ŞĪīḾ ǿǿř ḾḖḗ"},{"$i":"DialModifiedToUssd","$v":"Ḓīīȧȧŀ ḿǿǿḓīīƒīīḗḗḓ ŧǿǿ ŬŭŞŞḒ"},{"$i":"DialModifiedToSs","$v":"Ḓīīȧȧŀ ḿǿǿḓīīƒīīḗḗḓ ŧǿǿ ŞŞ"},{"$i":"DialModifiedToDial","$v":"Ḓīīȧȧŀ ḿǿǿḓīīƒīīḗḗḓ ŧǿǿ ḓīīȧȧŀ"},{"$i":"UssdModifiedToDial","$v":"ŬŭŞŞḒ ḿǿǿḓīīƒīīḗḗḓ ŧǿǿ ḓīīȧȧŀ"},{"$i":"UssdModifiedToSs","$v":"ŬŭŞŞḒ ḿǿǿḓīīƒīīḗḗḓ ŧǿǿ ŞŞ"},{"$i":"UssdModifiedToUssd","$v":"ŬŭŞŞḒ ḿǿǿḓīīƒīīḗḗḓ ŧǿǿ ŬŭŞŞḒ"},{"$i":"SsModifiedToDial","$v":"ŞŞ ḿǿǿḓīīƒīīḗḗḓ ŧǿǿ ḓīīȧȧŀ"},{"$i":"SsModifiedToUssd","$v":"ŞŞ ḿǿǿḓīīƒīīḗḗḓ ŧǿǿ ŬŭŞŞḒ"},{"$i":"SsModifiedToSs","$v":"ŞŞ ḿǿǿḓīīƒīīḗḗḓ ŧǿǿ ŞŞ"},{"$i":"SubscriptionNotSupported","$v":"Şŭŭƀşƈřīīƥŧīīǿǿƞ ƞǿǿŧ şŭŭƥƥǿǿřŧḗḗḓ"},{"$i":"InvalidParameter","$v":"Īīƞṽȧȧŀīīḓ ƥȧȧřȧȧḿḗḗŧḗḗř"},{"$i":"RejectedByRemote","$v":"Řḗḗĵḗḗƈŧḗḗḓ ƀẏ řḗḗḿǿǿŧḗḗ"},{"$i":"conferenceCall","$v":["Ƈǿǿƞƒḗḗřḗḗƞƈḗḗ (",{"t":"idOrVar","v":"n"},")"]},{"$i":"voicemail-left-call","$v":"Ṽǿǿīīƈḗḗḿȧȧīīŀ ħȧȧş ŀḗḗƒŧ ŧħḗḗ ƈȧȧŀŀ."},{"$i":"withheld-number-left-call","$v":"Ẇīīŧħħḗḗŀḓ ƞŭŭḿƀḗḗř ħȧȧş ŀḗḗƒŧ ŧħḗḗ ƈȧȧŀŀ."},{"$i":"caller-left-call","$v":[{"t":"idOrVar","v":"caller"}," ħȧȧş ŀḗḗƒŧ ŧħḗḗ ƈȧȧŀŀ."]},{"$i":"conferenceAddError","$v":"Ŭŭƞȧȧƀŀḗḗ ŧǿǿ ḿḗḗřɠḗḗ ƈȧȧŀŀş"},{"$i":"conferenceRemoveError","$v":"Ŭŭƞȧȧƀŀḗḗ ŧǿǿ ŭŭƞḿḗḗřɠḗḗ ƈȧȧŀŀş"},{"$i":"longDateFormat","$v":"%A, %B %e"},{"$i":"select-audio-sources","$v":"Şḗḗŀḗḗƈŧ ȧȧŭŭḓīīǿǿ şǿǿŭŭřƈḗḗş"},{"$i":"bluetooth-handsfree-device","$v":"Ɓŀŭŭḗḗŧǿǿǿǿŧħ ħȧȧƞḓşƒřḗḗḗḗ ḓḗḗṽīīƈḗḗ"},{"$i":"receiver","$v":"Řḗḗƈḗḗīīṽḗḗř"},{"$i":"speaker","$v":"Şƥḗḗȧȧķḗḗř"},{"$i":"voiceMail","$v":"Ṽǿǿīīƈḗḗḿȧȧīīŀ"},{"$i":"weekday-0-long","$v":"Şŭŭƞḓȧȧẏ"},{"$i":"weekday-1-long","$v":"Ḿǿǿƞḓȧȧẏ"},{"$i":"weekday-2-long","$v":"Ŧŭŭḗḗşḓȧȧẏ"},{"$i":"weekday-3-long","$v":"Ẇḗḗḓƞḗḗşḓȧȧẏ"},{"$i":"weekday-4-long","$v":"Ŧħŭŭřşḓȧȧẏ"},{"$i":"weekday-5-long","$v":"Ƒřīīḓȧȧẏ"},{"$i":"weekday-6-long","$v":"Şȧȧŧŭŭřḓȧȧẏ"},{"$i":"weekday-0-short","$v":"Şŭŭƞ"},{"$i":"weekday-1-short","$v":"Ḿǿǿƞ"},{"$i":"weekday-2-short","$v":"Ŧŭŭḗḗ"},{"$i":"weekday-3-short","$v":"Ẇḗḗḓ"},{"$i":"weekday-4-short","$v":"Ŧħŭŭ"},{"$i":"weekday-5-short","$v":"Ƒřīī"},{"$i":"weekday-6-short","$v":"Şȧȧŧ"},{"$i":"month-0-long","$v":"Ĵȧȧƞŭŭȧȧřẏ"},{"$i":"month-1-long","$v":"Ƒḗḗƀřŭŭȧȧřẏ"},{"$i":"month-2-long","$v":"Ḿȧȧřƈħ"},{"$i":"month-3-long","$v":"Ȧȧƥřīīŀ"},{"$i":"month-4-long","$v":"Ḿȧȧẏ"},{"$i":"month-5-long","$v":"Ĵŭŭƞḗḗ"},{"$i":"month-6-long","$v":"Ĵŭŭŀẏ"},{"$i":"month-7-long","$v":"Ȧȧŭŭɠŭŭşŧ"},{"$i":"month-8-long","$v":"Şḗḗƥŧḗḗḿƀḗḗř"},{"$i":"month-9-long","$v":"Ǿǿƈŧǿǿƀḗḗř"},{"$i":"month-10-long","$v":"Ƞǿǿṽḗḗḿƀḗḗř"},{"$i":"month-11-long","$v":"Ḓḗḗƈḗḗḿƀḗḗř"},{"$i":"month-0-genitive","$v":"Ĵȧȧƞŭŭȧȧřẏ"},{"$i":"month-1-genitive","$v":"Ƒḗḗƀřŭŭȧȧřẏ"},{"$i":"month-2-genitive","$v":"Ḿȧȧřƈħ"},{"$i":"month-3-genitive","$v":"Ȧȧƥřīīŀ"},{"$i":"month-4-genitive","$v":"Ḿȧȧẏ"},{"$i":"month-5-genitive","$v":"Ĵŭŭƞḗḗ"},{"$i":"month-6-genitive","$v":"Ĵŭŭŀẏ"},{"$i":"month-7-genitive","$v":"Ȧȧŭŭɠŭŭşŧ"},{"$i":"month-8-genitive","$v":"Şḗḗƥŧḗḗḿƀḗḗř"},{"$i":"month-9-genitive","$v":"Ǿǿƈŧǿǿƀḗḗř"},{"$i":"month-10-genitive","$v":"Ƞǿǿṽḗḗḿƀḗḗř"},{"$i":"month-11-genitive","$v":"Ḓḗḗƈḗḗḿƀḗḗř"},{"$i":"month-0-short","$v":"Ĵȧȧƞ"},{"$i":"month-1-short","$v":"Ƒḗḗƀ"},{"$i":"month-2-short","$v":"Ḿȧȧř"},{"$i":"month-3-short","$v":"Ȧȧƥř"},{"$i":"month-4-short","$v":"Ḿȧȧẏ"},{"$i":"month-5-short","$v":"Ĵŭŭƞ"},{"$i":"month-6-short","$v":"Ĵŭŭŀ"},{"$i":"month-7-short","$v":"Ȧȧŭŭɠ"},{"$i":"month-8-short","$v":"Şḗḗƥ"},{"$i":"month-9-short","$v":"Ǿǿƈŧ"},{"$i":"month-10-short","$v":"Ƞǿǿṽ"},{"$i":"month-11-short","$v":"Ḓḗḗƈ"},{"$i":"minutes-ago-long","$v":{"zero":"ĵŭŭşŧ ƞǿǿẇ","one":"ȧȧ ḿīīƞŭŭŧḗḗ ȧȧɠǿǿ","two":[{"t":"idOrVar","v":"value"}," ḿīīƞŭŭŧḗḗş ȧȧɠǿǿ"],"few":[{"t":"idOrVar","v":"value"}," ḿīīƞŭŭŧḗḗş ȧȧɠǿǿ"],"many":[{"t":"idOrVar","v":"value"}," ḿīīƞŭŭŧḗḗş ȧȧɠǿǿ"],"other":[{"t":"idOrVar","v":"value"}," ḿīīƞŭŭŧḗḗş ȧȧɠǿǿ"]},"$x":[{"t":"idOrVar","v":"plural"},"value"]},{"$i":"hours-ago-long","$v":{"zero":"ĵŭŭşŧ ƞǿǿẇ","one":"ȧȧƞ ħǿǿŭŭř ȧȧɠǿǿ","two":[{"t":"idOrVar","v":"value"}," ħǿǿŭŭřş ȧȧɠǿǿ"],"few":[{"t":"idOrVar","v":"value"}," ħǿǿŭŭřş ȧȧɠǿǿ"],"many":[{"t":"idOrVar","v":"value"}," ħǿǿŭŭřş ȧȧɠǿǿ"],"other":[{"t":"idOrVar","v":"value"}," ħǿǿŭŭřş ȧȧɠǿǿ"]},"$x":[{"t":"idOrVar","v":"plural"},"value"]},{"$i":"days-ago-long","$v":{"zero":"ŧǿǿḓȧȧẏ","one":"ẏḗḗşŧḗḗřḓȧȧẏ","two":[{"t":"idOrVar","v":"value"}," ḓȧȧẏş ȧȧɠǿǿ"],"few":[{"t":"idOrVar","v":"value"}," ḓȧȧẏş ȧȧɠǿǿ"],"many":[{"t":"idOrVar","v":"value"}," ḓȧȧẏş ȧȧɠǿǿ"],"other":[{"t":"idOrVar","v":"value"}," ḓȧȧẏş ȧȧɠǿǿ"]},"$x":[{"t":"idOrVar","v":"plural"},"value"]},{"$i":"weeks-ago-long","$v":{"zero":"ŧħīīş ẇḗḗḗḗķ","one":"ŀȧȧşŧ ẇḗḗḗḗķ","two":[{"t":"idOrVar","v":"value"}," ẇḗḗḗḗķş ȧȧɠǿǿ"],"few":[{"t":"idOrVar","v":"value"}," ẇḗḗḗḗķş ȧȧɠǿǿ"],"many":[{"t":"idOrVar","v":"value"}," ẇḗḗḗḗķş ȧȧɠǿǿ"],"other":[{"t":"idOrVar","v":"value"}," ẇḗḗḗḗķş ȧȧɠǿǿ"]},"$x":[{"t":"idOrVar","v":"plural"},"value"]},{"$i":"months-ago-long","$v":{"zero":"ŧħīīş ḿǿǿƞŧħ","one":"ŀȧȧşŧ ḿǿǿƞŧħ","two":[{"t":"idOrVar","v":"value"}," ḿǿǿƞŧħş ȧȧɠǿǿ"],"few":[{"t":"idOrVar","v":"value"}," ḿǿǿƞŧħş ȧȧɠǿǿ"],"many":[{"t":"idOrVar","v":"value"}," ḿǿǿƞŧħş ȧȧɠǿǿ"],"other":[{"t":"idOrVar","v":"value"}," ḿǿǿƞŧħş ȧȧɠǿǿ"]},"$x":[{"t":"idOrVar","v":"plural"},"value"]},{"$i":"years-ago-long","$v":{"zero":"ŧħīīş ẏḗḗȧȧř","one":"ŀȧȧşŧ ẏḗḗȧȧř","two":[{"t":"idOrVar","v":"value"}," ẏḗḗȧȧřş ȧȧɠǿǿ"],"few":[{"t":"idOrVar","v":"value"}," ẏḗḗȧȧřş ȧȧɠǿǿ"],"many":[{"t":"idOrVar","v":"value"}," ẏḗḗȧȧřş ȧȧɠǿǿ"],"other":[{"t":"idOrVar","v":"value"}," ẏḗḗȧȧřş ȧȧɠǿǿ"]},"$x":[{"t":"idOrVar","v":"plural"},"value"]},{"$i":"minutes-until-long","$v":{"zero":"ƞǿǿẇ","one":"īīƞ ȧȧ ḿīīƞŭŭŧḗḗ","two":["īīƞ ",{"t":"idOrVar","v":"value"}," ḿīīƞŭŭŧḗḗş"],"few":["īīƞ ",{"t":"idOrVar","v":"value"}," ḿīīƞŭŭŧḗḗş"],"many":["īīƞ ",{"t":"idOrVar","v":"value"}," ḿīīƞŭŭŧḗḗş"],"other":["īīƞ ",{"t":"idOrVar","v":"value"}," ḿīīƞŭŭŧḗḗş"]},"$x":[{"t":"idOrVar","v":"plural"},"value"]},{"$i":"hours-until-long","$v":{"zero":"ƞǿǿẇ","one":"īīƞ ȧȧƞ ħǿǿŭŭř","two":["īīƞ ",{"t":"idOrVar","v":"value"}," ħǿǿŭŭřş"],"few":["īīƞ ",{"t":"idOrVar","v":"value"}," ħǿǿŭŭřş"],"many":["īīƞ ",{"t":"idOrVar","v":"value"}," ħǿǿŭŭřş"],"other":["īīƞ ",{"t":"idOrVar","v":"value"}," ħǿǿŭŭřş"]},"$x":[{"t":"idOrVar","v":"plural"},"value"]},{"$i":"days-until-long","$v":{"zero":"ŧǿǿḓȧȧẏ","one":"ŧǿǿḿǿǿřřǿǿẇ","two":["īīƞ ",{"t":"idOrVar","v":"value"}," ḓȧȧẏş"],"few":["īīƞ ",{"t":"idOrVar","v":"value"}," ḓȧȧẏş"],"many":["īīƞ ",{"t":"idOrVar","v":"value"}," ḓȧȧẏş"],"other":["īīƞ ",{"t":"idOrVar","v":"value"}," ḓȧȧẏş"]},"$x":[{"t":"idOrVar","v":"plural"},"value"]},{"$i":"weeks-until-long","$v":{"zero":"ŧħīīş ẇḗḗḗḗķ","one":"ƞḗḗẋŧ ẇḗḗḗḗķ","two":["īīƞ ",{"t":"idOrVar","v":"value"}," ẇḗḗḗḗķş"],"few":["īīƞ ",{"t":"idOrVar","v":"value"}," ẇḗḗḗḗķş"],"many":["īīƞ ",{"t":"idOrVar","v":"value"}," ẇḗḗḗḗķş"],"other":["īīƞ ",{"t":"idOrVar","v":"value"}," ẇḗḗḗḗķş"]},"$x":[{"t":"idOrVar","v":"plural"},"value"]},{"$i":"months-until-long","$v":{"zero":"ŧħīīş ḿǿǿƞŧħ","one":"ƞḗḗẋŧ ḿǿǿƞŧħ","two":["īīƞ ",{"t":"idOrVar","v":"value"}," ḿǿǿƞŧħş"],"few":["īīƞ ",{"t":"idOrVar","v":"value"}," ḿǿǿƞŧħş"],"many":["īīƞ ",{"t":"idOrVar","v":"value"}," ḿǿǿƞŧħş"],"other":["īīƞ ",{"t":"idOrVar","v":"value"}," ḿǿǿƞŧħş"]},"$x":[{"t":"idOrVar","v":"plural"},"value"]},{"$i":"years-until-long","$v":{"zero":"ŧħīīş ẏḗḗȧȧř","one":"ƞḗḗẋŧ ẏḗḗȧȧř","two":["īīƞ ",{"t":"idOrVar","v":"value"}," ẏḗḗȧȧřş"],"few":["īīƞ ",{"t":"idOrVar","v":"value"}," ẏḗḗȧȧřş"],"many":["īīƞ ",{"t":"idOrVar","v":"value"}," ẏḗḗȧȧřş"],"other":["īīƞ ",{"t":"idOrVar","v":"value"}," ẏḗḗȧȧřş"]},"$x":[{"t":"idOrVar","v":"plural"},"value"]},{"$i":"minutes-ago-short","$v":{"zero":"ĵŭŭşŧ ƞǿǿẇ","other":[{"t":"idOrVar","v":"value"},"ḿ ȧȧɠǿǿ"]},"$x":[{"t":"idOrVar","v":"plural"},"value"]},{"$i":"hours-ago-short","$v":{"zero":"ĵŭŭşŧ ƞǿǿẇ","other":[{"t":"idOrVar","v":"value"},"ħ ȧȧɠǿǿ"]},"$x":[{"t":"idOrVar","v":"plural"},"value"]},{"$i":"days-ago-short","$v":{"zero":"ŧǿǿḓȧȧẏ","other":[{"t":"idOrVar","v":"value"},"ḓ ȧȧɠǿǿ"]},"$x":[{"t":"idOrVar","v":"plural"},"value"]},{"$i":"minutes-until-short","$v":{"zero":"ƞǿǿẇ","other":["īīƞ ",{"t":"idOrVar","v":"value"},"ḿ"]},"$x":[{"t":"idOrVar","v":"plural"},"value"]},{"$i":"hours-until-short","$v":{"zero":"ƞǿǿẇ","other":["īīƞ ",{"t":"idOrVar","v":"value"},"ħ"]},"$x":[{"t":"idOrVar","v":"plural"},"value"]},{"$i":"days-until-short","$v":{"zero":"ŧǿǿḓȧȧẏ","other":["īīƞ ",{"t":"idOrVar","v":"value"},"ḓ"]},"$x":[{"t":"idOrVar","v":"plural"},"value"]},{"$i":"incorrectDate","$v":"(īīƞƈǿǿřřḗḗƈŧ ḓȧȧŧḗḗ)"},{"$i":"dateTimeFormat_%c","$v":"%a %b %e %Y %I:%M:%S %p"},{"$i":"dateTimeFormat_%x","$v":"%m/%d/%Y"},{"$i":"dateTimeFormat_%X","$v":"%I:%M:%S %p"},{"$i":"shortTimeFormat","$v":"%I:%M %p"},{"$i":"shortTimeFormat12","$v":"%I:%M %p"},{"$i":"shortTimeFormat24","$v":"%H:%M"},{"$i":"shortDateTimeFormat","$v":"%x %I:%M %p"},{"$i":"weekStartsOnMonday","$v":"0"},{"$i":"firstDayOfTheWeek","$v":"0"},{"$i":"timePickerOrder","$v":"ĦḾƥ"},{"$i":"datePickerOrder","$v":"ḾḒẎ"},{"$i":"hourMinutesSeparator","$v":":"},{"$i":"listSeparator_middle","$v":", "},{"$i":"time_am","$v":"ȦȧḾ"},{"$i":"time_pm","$v":"ƤḾ"},{"$i":"durationPattern","$v":"ħħ:ḿḿ:şş.ŞŞ"},{"$i":"back","$v":"Ɓȧȧƈķ"},{"$i":"noSimMsg","$v":"Ŧǿǿ īīḿƥǿǿřŧ ƈǿǿƞŧȧȧƈŧş īīƞşḗḗřŧ ǿǿř ŭŭƞŀǿǿƈķ ẏǿǿŭŭř ŞĪīḾ ƈȧȧřḓ"},{"$i":"noMemoryCardMsg","$v":"Ŧǿǿ īīḿƥǿǿřŧ ƈǿǿƞŧȧȧƈŧş īīƞşḗḗřŧ ȧȧ ḿḗḗḿǿǿřẏ ƈȧȧřḓ"},{"$i":"importMemoryCard","$v":"Ḿḗḗḿǿǿřẏ ƈȧȧřḓ"},{"$i":"emptyAccount","$v":"Ƞǿǿ ƒřīīḗḗƞḓş ǿǿř ƈǿǿƞŧȧȧƈŧş ƒǿǿŭŭƞḓ īīƞ ŧħīīş ȧȧƈƈǿǿŭŭƞŧ."},{"$i":"simContacts-import","$v":"Īīḿƥǿǿřŧ ŞĪīḾ ƈǿǿƞŧȧȧƈŧş"},{"$i":"simContacts-importing","$v":"Īīḿƥǿǿřŧīīƞɠ ŞĪīḾ ƈǿǿƞŧȧȧƈŧş…"},{"$i":"simContacts-reading","$v":"Řḗḗȧȧḓīīƞɠ ƒřǿǿḿ ŞĪīḾ ƈȧȧřḓ…"},{"$i":"simContacts-error","$v":"Ƈǿǿŭŭŀḓ ƞǿǿŧ īīḿƥǿǿřŧ ƈǿǿƞŧȧȧƈŧş ƒřǿǿḿ ŞĪīḾ"},{"$i":"simContacts-imported3","$v":{"zero":"Ƞǿǿ ƈǿǿƞŧȧȧƈŧş ḓḗḗŧḗḗƈŧḗḗḓ ǿǿƞ ŞĪīḾ ŧǿǿ īīḿƥǿǿřŧ","one":"Īīḿƥǿǿřŧḗḗḓ ǿǿƞḗḗ ƈǿǿƞŧȧȧƈŧ","two":["Īīḿƥǿǿřŧḗḗḓ ",{"t":"idOrVar","v":"n"}," ƈǿǿƞŧȧȧƈŧş"],"few":["Īīḿƥǿǿřŧḗḗḓ ",{"t":"idOrVar","v":"n"}," ƈǿǿƞŧȧȧƈŧş"],"many":["Īīḿƥǿǿřŧḗḗḓ ",{"t":"idOrVar","v":"n"}," ƈǿǿƞŧȧȧƈŧş"],"other":["Īīḿƥǿǿřŧḗḗḓ ",{"t":"idOrVar","v":"n"}," ƈǿǿƞŧȧȧƈŧş"]},"$x":[{"t":"idOrVar","v":"plural"},"n"]},{"$i":"memoryCardContacts-import","$v":"Īīḿƥǿǿřŧ ƈǿǿƞŧȧȧƈŧş ƒřǿǿḿ ḿḗḗḿǿǿřẏ ƈȧȧřḓ"},{"$i":"memoryCardContacts-importing","$v":"Īīḿƥǿǿřŧīīƞɠ ƈǿǿƞŧȧȧƈŧş ƒřǿǿḿ ḿḗḗḿǿǿřẏ ƈȧȧřḓ…"},{"$i":"memoryCardContacts-error","$v":"Ƈǿǿŭŭŀḓ ƞǿǿŧ īīḿƥǿǿřŧ ƈǿǿƞŧȧȧƈŧş ƒřǿǿḿ ḿḗḗḿǿǿřẏ ƈȧȧřḓ"},{"$i":"memoryCardContacts-imported3","$v":{"zero":"Ƞǿǿ ƈǿǿƞŧȧȧƈŧş ḓḗḗŧḗḗƈŧḗḗḓ ǿǿƞ ḿḗḗḿǿǿřẏ ƈȧȧřḓ ŧǿǿ īīḿƥǿǿřŧ","one":"Īīḿƥǿǿřŧḗḗḓ ǿǿƞḗḗ ƈǿǿƞŧȧȧƈŧ","two":["Īīḿƥǿǿřŧḗḗḓ ",{"t":"idOrVar","v":"n"}," ƈǿǿƞŧȧȧƈŧş"],"few":["Īīḿƥǿǿřŧḗḗḓ ",{"t":"idOrVar","v":"n"}," ƈǿǿƞŧȧȧƈŧş"],"many":["Īīḿƥǿǿřŧḗḗḓ ",{"t":"idOrVar","v":"n"}," ƈǿǿƞŧȧȧƈŧş"],"other":["Īīḿƥǿǿřŧḗḗḓ ",{"t":"idOrVar","v":"n"}," ƈǿǿƞŧȧȧƈŧş"]},"$x":[{"t":"idOrVar","v":"plural"},"n"]},{"$i":"genericProgress","$v":[{"t":"idOrVar","v":"current"},"/",{"t":"idOrVar","v":"total"}]},{"$i":"infiniteProgress","$v":{"zero":"Ƞǿǿ ƈǿǿƞŧȧȧƈŧş īīḿƥǿǿřŧḗḗḓ ẏḗḗŧ","one":"Īīḿƥǿǿřŧḗḗḓ ǿǿƞḗḗ ƈǿǿƞŧȧȧƈŧ","two":["Īīḿƥǿǿřŧḗḗḓ ",{"t":"idOrVar","v":"n"}," ƈǿǿƞŧȧȧƈŧş"],"few":["Īīḿƥǿǿřŧḗḗḓ ",{"t":"idOrVar","v":"n"}," ƈǿǿƞŧȧȧƈŧş"],"many":["Īīḿƥǿǿřŧḗḗḓ ",{"t":"idOrVar","v":"n"}," ƈǿǿƞŧȧȧƈŧş"],"other":["Īīḿƥǿǿřŧḗḗḓ ",{"t":"idOrVar","v":"n"}," ƈǿǿƞŧȧȧƈŧş"]},"$x":[{"t":"idOrVar","v":"plural"},"n"]},{"$i":"friendsUpdated","$v":{"zero":"Ƞǿǿ ƒřīīḗḗƞḓş ŭŭƥḓȧȧŧḗḗḓ","one":"Ŭŭƥḓȧȧŧḗḗḓ ǿǿƞḗḗ ƒřīīḗḗƞḓ","two":["Ŭŭƥḓȧȧŧḗḗḓ ",{"t":"idOrVar","v":"numFriends"}," ƒřīīḗḗƞḓş"],"few":["Ŭŭƥḓȧȧŧḗḗḓ ",{"t":"idOrVar","v":"numFriends"}," ƒřīīḗḗƞḓş"],"many":["Ŭŭƥḓȧȧŧḗḗḓ ",{"t":"idOrVar","v":"numFriends"}," ƒřīīḗḗƞḓş"],"other":["Ŭŭƥḓȧȧŧḗḗḓ ",{"t":"idOrVar","v":"numFriends"}," ƒřīīḗḗƞḓş"]},"$x":[{"t":"idOrVar","v":"plural"},"numFriends"]},{"$i":"friendsMerged","$v":{"zero":"Ƞǿǿ ḓŭŭƥŀīīƈȧȧŧḗḗḓ ƒřīīḗḗƞḓş ḿḗḗřɠḗḗḓ","one":"Ǿǿƞḗḗ ḓŭŭƥŀīīƈȧȧŧḗḗḓ ƒřīīḗḗƞḓ ḿḗḗřɠḗḗḓ","two":[{"t":"idOrVar","v":"numDups"}," ƒřīīḗḗƞḓş ḿḗḗřɠḗḗḓ"],"few":[{"t":"idOrVar","v":"numDups"}," ƒřīīḗḗƞḓş ḿḗḗřɠḗḗḓ"],"many":[{"t":"idOrVar","v":"numDups"}," ƒřīīḗḗƞḓş ḿḗḗřɠḗḗḓ"],"other":[{"t":"idOrVar","v":"numDups"}," ƒřīīḗḗƞḓş ḿḗḗřɠḗḗḓ"]},"$x":[{"t":"idOrVar","v":"plural"},"numDups"]},{"$i":"contactsMerged","$v":{"zero":"Ƞǿǿ ḓŭŭƥŀīīƈȧȧŧḗḗḓ ƈǿǿƞŧȧȧƈŧş ḿḗḗřɠḗḗḓ","one":"Ǿǿƞḗḗ ḓŭŭƥŀīīƈȧȧŧḗḗḓ ƈǿǿƞŧȧȧƈŧ ḿḗḗřɠḗḗḓ","two":[{"t":"idOrVar","v":"numDups"}," ƈǿǿƞŧȧȧƈŧş ḿḗḗřɠḗḗḓ"],"few":[{"t":"idOrVar","v":"numDups"}," ƈǿǿƞŧȧȧƈŧş ḿḗḗřɠḗḗḓ"],"many":[{"t":"idOrVar","v":"numDups"}," ƈǿǿƞŧȧȧƈŧş ḿḗḗřɠḗḗḓ"],"other":[{"t":"idOrVar","v":"numDups"}," ƈǿǿƞŧȧȧƈŧş ḿḗḗřɠḗḗḓ"]},"$x":[{"t":"idOrVar","v":"plural"},"numDups"]},{"$i":"close","$v":"Ƈŀǿǿşḗḗ"},{"$i":"import","$v":"Īīḿƥǿǿřŧ"},{"$i":"update","$v":"Ŭŭƥḓȧȧŧḗḗ"},{"$i":"fbFriends","$v":"Ƒȧȧƈḗḗƀǿǿǿǿķ Ƒřīīḗḗƞḓş"},{"$i":"live-serviceName","$v":"Ǿǿŭŭŧŀǿǿǿǿķ"},{"$i":"gmail-serviceName","$v":"Ɠḿȧȧīīŀ"},{"$i":"facebook-serviceName","$v":"Ƒȧȧƈḗḗƀǿǿǿǿķ Ƒřīīḗḗƞḓş"},{"$i":"selectAll","$v":"Şḗḗŀḗḗƈŧ ȧȧŀŀ"},{"$i":"deselectAll","$v":"Ḓḗḗşḗḗŀḗḗƈŧ ȧȧŀŀ"},{"$i":"viewAll","$v":"Ṽīīḗḗẇ Ȧȧŀŀ Ƒȧȧƈḗḗƀǿǿǿǿķ Ƒřīīḗḗƞḓş"},{"$i":"viewRecommend","$v":"Ṽīīḗḗẇ Ǿǿƞŀẏ Řḗḗƈǿǿḿḿḗḗƞḓḗḗḓ"},{"$i":"linkProposal","$v":{"zero":"Ƞǿǿ ḿȧȧŧƈħīīƞɠ ƒřīīḗḗƞḓş. Şħǿǿẇīīƞɠ ȧȧŀŀ","one":"Şḗḗŀḗḗƈŧ ŧħḗḗ řḗḗƈǿǿḿḿḗḗƞḓḗḗḓ ǿǿƞḗḗ","two":"Şḗḗŀḗḗƈŧ ȧȧ řḗḗƈǿǿḿḿḗḗƞḓḗḗḓ ǿǿƞḗḗ","few":"Şḗḗŀḗḗƈŧ ȧȧ řḗḗƈǿǿḿḿḗḗƞḓḗḗḓ ǿǿƞḗḗ","many":"Şḗḗŀḗḗƈŧ ȧȧ řḗḗƈǿǿḿḿḗḗƞḓḗḗḓ ǿǿƞḗḗ","other":"Şḗḗŀḗḗƈŧ ȧȧ řḗḗƈǿǿḿḿḗḗƞḓḗḗḓ ǿǿƞḗḗ"},"$x":[{"t":"idOrVar","v":"plural"},"numFriends"]},{"$i":"fbFriendsFound","$v":{"zero":"Ȧȧŀŀ ẏǿǿŭŭř ƒřīīḗḗƞḓş ȧȧřḗḗ īīḿƥǿǿřŧḗḗḓ","one":"Ƒǿǿŭŭƞḓ ǿǿƞḗḗ ƒřīīḗḗƞḓ ŧǿǿ īīḿƥǿǿřŧ","two":["Ƒǿǿŭŭƞḓ ",{"t":"idOrVar","v":"numFriends"}," ƒřīīḗḗƞḓş ŧǿǿ īīḿƥǿǿřŧ"],"few":["Ƒǿǿŭŭƞḓ ",{"t":"idOrVar","v":"numFriends"}," ƒřīīḗḗƞḓş ŧǿǿ īīḿƥǿǿřŧ"],"many":["Ƒǿǿŭŭƞḓ ",{"t":"idOrVar","v":"numFriends"}," ƒřīīḗḗƞḓş ŧǿǿ īīḿƥǿǿřŧ"],"other":["Ƒǿǿŭŭƞḓ ",{"t":"idOrVar","v":"numFriends"}," ƒřīīḗḗƞḓş ŧǿǿ īīḿƥǿǿřŧ"]},"$x":[{"t":"idOrVar","v":"plural"},"numFriends"]},{"$i":"fbNoFriends","$v":"Ƞǿǿ ƈǿǿƞŧȧȧƈŧş ȧȧṽȧȧīīŀȧȧƀŀḗḗ ŧǿǿ īīḿƥǿǿřŧ"},{"$i":"facebook","$v":"Ƒȧȧƈḗḗƀǿǿǿǿķ"},{"$i":"search-contact","placeholder":"Şḗḗȧȧřƈħ"},{"$i":"noResults","$v":"Ƞǿǿ ƈǿǿƞŧȧȧƈŧş ƒǿǿŭŭƞḓ"},{"$i":"done-search","$v":"Ḓǿǿƞḗḗ"},{"$i":"progressFB3ImportTitle","$v":"Īīḿƥǿǿřŧīīƞɠ ƒřīīḗḗƞḓş ŧǿǿ Ƈǿǿƞŧȧȧƈŧş"},{"$i":"progressFB","$v":[{"t":"idOrVar","v":"current"},"/",{"t":"idOrVar","v":"total"}]},{"$i":"progressFB3UpdateTitle","$v":"Ŭŭƥḓȧȧŧīīƞɠ ƒřīīḗḗƞḓş īīƞ Ƈǿǿƞŧȧȧƈŧş"},{"$i":"message2","$v":"Ŧħīīş ḿȧȧẏ ŧȧȧķḗḗ ȧȧ ƈǿǿŭŭƥŀḗḗ ǿǿƒ ḿīīƞŭŭŧḗḗş"},{"$i":"messageLinking","$v":"Ƥŀḗḗȧȧşḗḗ ħǿǿŀḓ ǿǿƞ. Ẇḗḗ ȧȧřḗḗ ŀīīƞķīīƞɠ ẏǿǿŭŭř ƒřīīḗḗƞḓ ȧȧƞḓ ẏǿǿŭŭř ƈǿǿƞŧȧȧƈŧ."},{"$i":"messageCanceling","$v":"Ƥŀḗḗȧȧşḗḗ ħǿǿŀḓ ǿǿƞ. Ẇḗḗ ȧȧřḗḗ ƈȧȧƞƈḗḗŀīīƞɠ ŧħḗḗ ǿǿƞɠǿǿīīƞɠ ǿǿƥḗḗřȧȧŧīīǿǿƞ."},{"$i":"error1","$v":["Ḗḗřřǿǿř ",{"t":"idOrVar","v":"from"}]},{"$i":"error2","$v":"Ḓǿǿ ẏǿǿŭŭ ẇȧȧƞŧ ŧǿǿ řḗḗŧřẏ?"},{"$i":"errorProposal","$v":"ƈȧȧŀƈŭŭŀȧȧŧīīƞɠ ƥřǿǿƥǿǿşȧȧŀş"},{"$i":"errorFriends","$v":"řḗḗŧřīīḗḗṽīīƞɠ ƒřīīḗḗƞḓş"},{"$i":"errorLinking","$v":"ŀīīƞķīīƞɠ ƈǿǿƞŧȧȧƈŧ"},{"$i":"timeout1","$v":["Ḗḗẋƈḗḗḗḗḓḗḗḓ ŧīīḿḗḗǿǿŭŭŧ ",{"t":"idOrVar","v":"from"}]},{"$i":"timeout2","$v":"Ḓǿǿ ẏǿǿŭŭ ẇȧȧƞŧ ŧǿǿ řḗḗŧřẏ?"},{"$i":"timeoutProposal","$v":"ƈȧȧŀƈŭŭŀȧȧŧīīƞɠ ƥřǿǿƥǿǿşȧȧŀş"},{"$i":"timeoutFriends","$v":"řḗḗŧřīīḗḗṽīīƞɠ ƒřīīḗḗƞḓş"},{"$i":"timeoutLinking","$v":"ŀīīƞķīīƞɠ ƈǿǿƞŧȧȧƈŧş"},{"$i":"wait1","$v":"Ƥŀḗḗȧȧşḗḗ ħǿǿŀḓ ǿǿƞ"},{"$i":"wait2","$v":"Ŧħīīş ḿȧȧẏ ŧȧȧķḗḗ ȧȧ ƈǿǿŭŭƥŀḗḗ ǿǿƒ ḿīīƞŭŭŧḗḗş"},{"$i":"waitProposal","$v":"Ƥŀḗḗȧȧşḗḗ ħǿǿŀḓ ǿǿƞ. Ẇḗḗ ȧȧřḗḗ ƈȧȧŀƈŭŭŀȧȧŧīīƞɠ ȧȧ ƥřǿǿƥǿǿşȧȧŀ."},{"$i":"waitFriends","$v":"Ƥŀḗḗȧȧşḗḗ ħǿǿŀḓ ǿǿƞ. Ẇḗḗ ȧȧřḗḗ ƈǿǿƞƞḗḗƈŧīīƞɠ ŧǿǿ ǿǿƀŧȧȧīīƞ ẏǿǿŭŭř ƒřīīḗḗƞḓ ŀīīşŧ."},{"$i":"curtainCancel","$v":"Ƈȧȧƞƈḗḗŀ"},{"$i":"curtainRetry","$v":"Řḗḗŧřẏ"},{"$i":"curtainOK","$v":"ǾǿĶ"},{"$i":"connectionLost","$v":"Ƞǿǿ Īīƞŧḗḗřƞḗḗŧ ƈǿǿƞƞḗḗƈŧīīǿǿƞ"},{"$i":"connectionLostMsg","$v":"Ƒřīīḗḗƞḓş’ ƥħǿǿŧǿǿş ẇīīŀŀ ƞǿǿŧ ƀḗḗ ȧȧḓḓḗḗḓ ŧǿǿ ẏǿǿŭŭř ƈǿǿƞŧȧȧƈŧş. Ƈǿǿƞŧīīƞŭŭḗḗ ȧȧƞẏẇȧȧẏ?"},{"$i":"yesOption","$v":"ǾǿĶ"},{"$i":"noOption","$v":"Ƈȧȧƞƈḗḗŀ"},{"$i":"notificationLogin","$v":"Ẏǿǿŭŭř Ƒȧȧƈḗḗƀǿǿǿǿķ şḗḗşşīīǿǿƞ īīş īīƞṽȧȧŀīīḓ. Ƥŀḗḗȧȧşḗḗ şīīɠƞ īīƞ."},{"$i":"syncError","$v":"Ŧħḗḗřḗḗ ẇȧȧş ȧȧƞ ḗḗřřǿǿř şẏƞƈħřǿǿƞīīẑīīƞɠ ẏǿǿŭŭř ƒřīīḗḗƞḓ’ş ḓȧȧŧȧȧ"},{"$i":"phoneNumberInput","ariaLabel":"Ƥħǿǿƞḗḗ ƞŭŭḿƀḗḗř"},{"$i":"keypadDelete","ariaLabel":"Ḓḗḗŀḗḗŧḗḗ"},{"$i":"voiceMailKey","ariaLabel":"Ṽǿǿīīƈḗḗḿȧȧīīŀ"},{"$i":"asterisk","ariaLabel":"Ȧȧşŧḗḗřīīşķ"},{"$i":"hashSign","ariaLabel":"Ħȧȧşħ şīīɠƞ"},{"$i":"keypadCancel","$v":"Ƈȧȧƞƈḗḗŀ"},{"$i":"loadingSimContacts","$v":"Ŀǿǿȧȧḓīīƞɠ ŞĪīḾ ƈȧȧřḓ ƈǿǿƞŧȧȧƈŧş…"},{"$i":"noContactsWereFound","$v":"Ƞǿǿ ƈǿǿƞŧȧȧƈŧş ẇḗḗřḗḗ ƒǿǿŭŭƞḓ"},{"$i":"noContactsFoundDialogOk","$v":"ǾǿĶ"},{"$i":"noSimCardToLoadContactsFrom","$v":"Ƞǿǿ ŞĪīḾ ƈȧȧřḓ ŧǿǿ ŀǿǿȧȧḓ ƈǿǿƞŧȧȧƈŧş ƒřǿǿḿ"},{"$i":"label","$v":"Ŀȧȧƀḗḗŀ"},{"$i":"mobile","$v":"Ḿǿǿƀīīŀḗḗ"},{"$i":"home","$v":"Ħǿǿḿḗḗ"},{"$i":"work","$v":"Ẇǿǿřķ"},{"$i":"personal","$v":"Ƥḗḗřşǿǿƞȧȧŀ"},{"$i":"faxHome","$v":"Ƒȧȧẋ ħǿǿḿḗḗ"},{"$i":"faxOffice","$v":"Ƒȧȧẋ ǿǿƒƒīīƈḗḗ"},{"$i":"faxOther","$v":"Ƒȧȧẋ ǿǿŧħḗḗř"},{"$i":"another","$v":"Ȧȧƞǿǿŧħḗḗř"},{"$i":"other","$v":"Ǿǿŧħḗḗř"},{"$i":"customTag","placeholder":"Ƈŭŭşŧǿǿḿ ŧȧȧɠ"},{"$i":"current","$v":"Ƈŭŭřřḗḗƞŧ"},{"$i":"itemWithLabel","$v":[{"t":"idOrVar","v":"label"},", ",{"t":"idOrVar","v":"item"}]},{"$i":"emergencyNumber","$v":"Ḗḗḿḗḗřɠḗḗƞƈẏ ƞŭŭḿƀḗḗř"},{"$i":"callAirplaneModeMessage","$v":"Ŧǿǿ ḿȧȧķḗḗ ȧȧ ƈȧȧŀŀ ẏǿǿŭŭ ƞḗḗḗḗḓ ŧǿǿ ḓīīşȧȧƀŀḗḗ ȧȧīīřƥŀȧȧƞḗḗ ḿǿǿḓḗḗ īīƞ şḗḗŧŧīīƞɠş."},{"$i":"callAirplaneModeBtnOk","$v":"ǾǿĶ"},{"$i":"callAirplaneModeTitle","$v":"Ȧȧīīřƥŀȧȧƞḗḗ ḿǿǿḓḗḗ ȧȧƈŧīīṽȧȧŧḗḗḓ"},{"$i":"numberIsBusyTitle","$v":"Ƞŭŭḿƀḗḗř īīş ƀŭŭşẏ"},{"$i":"numberIsBusyMessage","$v":"Ŧħḗḗ ƞŭŭḿƀḗḗř īīş ƈŭŭřřḗḗƞŧŀẏ ƀŭŭşẏ. Ƥŀḗḗȧȧşḗḗ ŧřẏ ȧȧɠȧȧīīƞ ŀȧȧŧḗḗř."},{"$i":"fdnIsActiveTitle","$v":"ƑḒȠ ȧȧƈŧīīṽḗḗ"},{"$i":"fdnIsActiveMessage","$v":["ƑḒȠ (Ƒīīẋḗḗḓ Ḓīīȧȧŀīīƞɠ Ƞŭŭḿƀḗḗřş) īīş ȧȧƈŧīīṽȧȧŧḗḗḓ ȧȧƞḓ ŧħḗḗ ƒǿǿŀŀǿǿẇīīƞɠ ƞŭŭḿƀḗḗř īīş ƞǿǿŧ īīƞ ẏǿǿŭŭř ƑḒȠ ŀīīşŧ: ",{"t":"idOrVar","v":"number"}]},{"$i":"emergencyDialogBodyBadNumber","$v":"Ŧǿǿ ḿȧȧķḗḗ ȧȧ ƈȧȧŀŀ, ŧħḗḗ ƥħǿǿƞḗḗ ḿŭŭşŧ ƀḗḗ ƈǿǿƞƞḗḗƈŧḗḗḓ ŧǿǿ ȧȧ ƞḗḗŧẇǿǿřķ."},{"$i":"emergencyDialogBodyDeviceNotAccepted","$v":"Ḗḗḿḗḗřɠḗḗƞƈẏ ƈȧȧŀŀş ȧȧřḗḗ ƞǿǿŧ ȧȧŀŀǿǿẇḗḗḓ ƀẏ ŧħḗḗ ƞḗḗŧẇǿǿřķ."},{"$i":"emergencyDialogBtnOk","$v":"ǾǿĶ"},{"$i":"emergencyDialogTitle","$v":"Ƞǿǿ ƞḗḗŧẇǿǿřķ ƈǿǿƞƞḗḗƈŧīīǿǿƞ"},{"$i":"invalidNumberToDialTitle","$v":"Īīƞṽȧȧŀīīḓ ƥħǿǿƞḗḗ ƞŭŭḿƀḗḗř"},{"$i":"invalidNumberToDialMessage","$v":"Ŧħḗḗ ƥħǿǿƞḗḗ ƞŭŭḿƀḗḗř ẏǿǿŭŭ ȧȧřḗḗ ƈȧȧŀŀīīƞɠ īīş ƞǿǿŧ ṽȧȧŀīīḓ."},{"$i":"unableToCallTitle","$v":"Ŭŭƞȧȧƀŀḗḗ ŧǿǿ ḿȧȧķḗḗ ȧȧ ƥħǿǿƞḗḗ ƈȧȧŀŀ ƞǿǿẇ"},{"$i":"unableToCallMessage","$v":"Ƈȧȧƞƞǿǿŧ ḿȧȧķḗḗ ȧȧ ƈȧȧŀŀ. Īīƒ ẏǿǿŭŭ ȧȧřḗḗ ȧȧŀřḗḗȧȧḓẏ ḓīīȧȧŀīīƞɠ, ƥŀḗḗȧȧşḗḗ ħȧȧƞɠ ŭŭƥ ƒīīřşŧ."},{"$i":"otherConnectionInUseTitle","$v":"Ǿǿŧħḗḗř ƈǿǿƞƞḗḗƈŧīīǿǿƞ īīƞ ŭŭşḗḗ"},{"$i":"otherConnectionInUseMessage","$v":"Ẏǿǿŭŭ ħȧȧṽḗḗ ȧȧƞ ȧȧƈŧīīṽḗḗ ƈȧȧŀŀ ǿǿƞ ȧȧƞǿǿŧħḗḗř ƈǿǿƞƞḗḗƈŧīīǿǿƞ. Ẏǿǿŭŭ ƈȧȧƞ ǿǿƞŀẏ ŭŭşḗḗ ǿǿƞḗḗ ƈǿǿƞƞḗḗƈŧīīǿǿƞ ȧȧŧ ȧȧ ŧīīḿḗḗ."},{"$i":"callBarredByTheOperatorMessage","$v":"Ƈȧȧŀŀ ẇȧȧş ƀȧȧřřḗḗḓ ƀẏ ŧħḗḗ ǿǿƥḗḗřȧȧŧǿǿř"},{"$i":"phone_type_mobile","$v":"Ḿǿǿƀīīŀḗḗ"},{"$i":"phone_type_home","$v":"Ħǿǿḿḗḗ"},{"$i":"phone_type_work","$v":"Ẇǿǿřķ"},{"$i":"phone_type_personal","$v":"Ƥḗḗřşǿǿƞȧȧŀ"},{"$i":"phone_type_fax_home","$v":"Ƒȧȧẋ ħǿǿḿḗḗ"},{"$i":"phone_type_fax_office","$v":"Ƒȧȧẋ ǿǿƒƒīīƈḗḗ"},{"$i":"phone_type_fax_other","$v":"Ƒȧȧẋ ǿǿŧħḗḗř"},{"$i":"phone_type_other","$v":"Ǿǿŧħḗḗř"},{"$i":"phone_type_custom","$v":[{"t":"idOrVar","v":"type"}]},{"$i":"phone_type_mobile_and_carrier","$v":["Ḿǿǿƀīīŀḗḗ, ",{"t":"idOrVar","v":"carrier"}]},{"$i":"phone_type_home_and_carrier","$v":["Ħǿǿḿḗḗ, ",{"t":"idOrVar","v":"carrier"}]},{"$i":"phone_type_work_and_carrier","$v":["Ẇǿǿřķ, ",{"t":"idOrVar","v":"carrier"}]},{"$i":"phone_type_personal_and_carrier","$v":["Ƥḗḗřşǿǿƞȧȧŀ, ",{"t":"idOrVar","v":"carrier"}]},{"$i":"phone_type_fax_home_and_carrier","$v":["Ƒȧȧẋ ħǿǿḿḗḗ, ",{"t":"idOrVar","v":"carrier"}]},{"$i":"phone_type_fax_office_and_carrier","$v":["Ƒȧȧẋ ǿǿƒƒīīƈḗḗ, ",{"t":"idOrVar","v":"carrier"}]},{"$i":"phone_type_fax_other_and_carrier","$v":["Ƒȧȧẋ ǿǿŧħḗḗř, ",{"t":"idOrVar","v":"carrier"}]},{"$i":"phone_type_other_and_carrier","$v":["Ǿǿŧħḗḗř, ",{"t":"idOrVar","v":"carrier"}]},{"$i":"phone_type_custom_and_carrier","$v":[{"t":"idOrVar","v":"type"},", ",{"t":"idOrVar","v":"carrier"}]},{"$i":"voicemailNoNumberTitle","$v":"Ṽǿǿīīƈḗḗḿȧȧīīŀ ƞŭŭḿƀḗḗř īīş ŭŭƞȧȧṽȧȧīīŀȧȧƀŀḗḗ"},{"$i":"voicemailNoNumberText","$v":"Ŭŭƞȧȧƀŀḗḗ ŧǿǿ ƈȧȧŀŀ ŧħḗḗ ṽǿǿīīƈḗḗḿȧȧīīŀ. Şḗḗŧ ŭŭƥ ŧħḗḗ ṽǿǿīīƈḗḗḿȧȧīīŀ ƞŭŭḿƀḗḗř ŧǿǿ ƥŀȧȧƈḗḗ ŧħḗḗ ƈȧȧŀŀ."},{"$i":"voicemailNoNumberSettings","$v":"Şḗḗŧŧīīƞɠş"},{"$i":"voicemailNoNumberCancel","$v":"Ƈȧȧƞƈḗḗŀ"},{"$i":"gaia-menu-cancel","$v":"Ƈȧȧƞƈḗḗŀ"},{"$i":"gaia-sim-picker-dial-via-with-number","$v":["Ḓīīȧȧŀ ",{"t":"idOrVar","v":"phoneNumber"}," ṽīīȧȧ"]},{"$i":"gaia-sim-picker-select-sim","$v":"Şḗḗŀḗḗƈŧ ŞĪīḾ"},{"$i":"gaia-sim-picker-button","$v":["ŞĪīḾ",{"t":"idOrVar","v":"n"}]},{"$i":"gaia-sim-picker-button-default","$v":"(ḓḗḗƒȧȧŭŭŀŧ)"}]