[{"$i":"search-or-enter-address","placeholder":"Şḗḗȧȧřƈħ ǿǿř ḗḗƞŧḗḗř ȧȧḓḓřḗḗşş"},{"$i":"delete-title","$v":["Ḓḗḗŀḗḗŧḗḗ ",{"t":"idOrVar","v":"name"}]},{"$i":"delete-body","$v":[{"t":"idOrVar","v":"name"}," ȧȧƞḓ ȧȧŀŀ ǿǿƒ īīŧş ḓȧȧŧȧȧ ẇīīŀŀ ƀḗḗ ḓḗḗŀḗḗŧḗḗḓ."]},{"$i":"delete","$v":"Ḓḗḗŀḗḗŧḗḗ"},{"$i":"cancel","$v":"Ƈȧȧƞƈḗḗŀ"},{"$i":"homescreen-settings","$v":"Ħǿǿḿḗḗşƈřḗḗḗḗƞ Şḗḗŧŧīīƞɠş"},{"$i":"change-wallpaper","$v":"Ƈħȧȧƞɠḗḗ Ẇȧȧŀŀƥȧȧƥḗḗř"},{"$i":"edit-mode","$v":"Ḗḗḓīīŧ"},{"$i":"edit-done","$v":"Ḓǿǿƞḗḗ"},{"$i":"stop-download-title","$v":["Şŧǿǿƥ ",{"t":"idOrVar","v":"name"}]},{"$i":"stop-download-body","$v":"Ḓǿǿ ẏǿǿŭŭ ẇȧȧƞŧ ŧǿǿ şŧǿǿƥ ŧħḗḗ ḓǿǿẇƞŀǿǿȧȧḓ īīƞ ƥřǿǿɠřḗḗşş?"},{"$i":"stop-download-action","$v":"Şŧǿǿƥ"},{"$i":"resume-download-title","$v":"Řḗḗşŧȧȧřŧ Ḓǿǿẇƞŀǿǿȧȧḓ"},{"$i":"resume-download-body","$v":["Ḓǿǿ ẏǿǿŭŭ ẇȧȧƞŧ ŧǿǿ ḓǿǿẇƞŀǿǿȧȧḓ ",{"t":"idOrVar","v":"name"},"?"]},{"$i":"resume-download-action","$v":"Ḓǿǿẇƞŀǿǿȧȧḓ"},{"$i":"edit-group-header","$v":"Ḗḗḓīīŧ ɠřǿǿŭŭƥ"},{"$i":"gaia-grid-stop-download-title","$v":["Şŧǿǿƥ ",{"t":"idOrVar","v":"name"}]},{"$i":"gaia-grid-stop-download-body","$v":"Ḓǿǿ ẏǿǿŭŭ ẇȧȧƞŧ ŧǿǿ şŧǿǿƥ ŧħḗḗ ḓǿǿẇƞŀǿǿȧȧḓ īīƞ ƥřǿǿɠřḗḗşş?"},{"$i":"gaia-grid-stop-download-action","$v":"Şŧǿǿƥ"},{"$i":"gaia-grid-resume-download-title","$v":"Řḗḗşŧȧȧřŧ Ḓǿǿẇƞŀǿǿȧȧḓ"},{"$i":"gaia-grid-resume-download-body","$v":["Ḓǿǿ ẏǿǿŭŭ ẇȧȧƞŧ ŧǿǿ ḓǿǿẇƞŀǿǿȧȧḓ ",{"t":"idOrVar","v":"name"},"?"]},{"$i":"gaia-grid-resume-download-action","$v":"Ḓǿǿẇƞŀǿǿȧȧḓ"},{"$i":"gaia-grid-cancel","$v":"Ƈȧȧƞƈḗḗŀ"},{"$i":"gaia-grid-toggle-collapsed","ariaLabel":"Ḗḗẋƥȧȧƞḓ ɠřǿǿŭŭƥ"},{"$i":"gaia-grid-toggle-expanded","ariaLabel":"Ƈǿǿŀŀȧȧƥşḗḗ ɠřǿǿŭŭƥ"},{"$i":"gaia-grid-enter-group-name","$v":"Ḗḗƞŧḗḗř ȧȧ ɠřǿǿŭŭƥ ƞȧȧḿḗḗ"},{"$i":"gaia-menu-cancel","$v":"Ƈȧȧƞƈḗḗŀ"}]