[{"$i":"search-or-enter-address","placeholder":"Search or enter address"},{"$i":"delete-title","$v":["Delete ",{"t":"idOrVar","v":"name"}]},{"$i":"delete-body","$v":[{"t":"idOrVar","v":"name"}," and all of its data will be deleted."]},{"$i":"delete","$v":"Delete"},{"$i":"cancel","$v":"Cancel"},{"$i":"homescreen-settings","$v":"Homescreen Settings"},{"$i":"change-wallpaper","$v":"Change Wallpaper"},{"$i":"edit-mode","$v":"Edit"},{"$i":"edit-done","$v":"Done"},{"$i":"stop-download-title","$v":["Stop ",{"t":"idOrVar","v":"name"}]},{"$i":"stop-download-body","$v":"Do you want to stop the download in progress?"},{"$i":"stop-download-action","$v":"Stop"},{"$i":"resume-download-title","$v":"Restart Download"},{"$i":"resume-download-body","$v":["Do you want to download ",{"t":"idOrVar","v":"name"},"?"]},{"$i":"resume-download-action","$v":"Download"},{"$i":"edit-group-header","$v":"Edit group"},{"$i":"gaia-grid-stop-download-title","$v":["Stop ",{"t":"idOrVar","v":"name"}]},{"$i":"gaia-grid-stop-download-body","$v":"Do you want to stop the download in progress?"},{"$i":"gaia-grid-stop-download-action","$v":"Stop"},{"$i":"gaia-grid-resume-download-title","$v":"Restart Download"},{"$i":"gaia-grid-resume-download-body","$v":["Do you want to download ",{"t":"idOrVar","v":"name"},"?"]},{"$i":"gaia-grid-resume-download-action","$v":"Download"},{"$i":"gaia-grid-cancel","$v":"Cancel"},{"$i":"gaia-grid-toggle-collapsed","ariaLabel":"Expand group"},{"$i":"gaia-grid-toggle-expanded","ariaLabel":"Collapse group"},{"$i":"gaia-grid-enter-group-name","$v":"Enter a group name"},{"$i":"gaia-menu-cancel","$v":"Cancel"}]