[{"$i":"done","$v":"‮pouǝ‬"},{"$i":"number-selected2","$v":{"zero":"‮Sǝʅǝɔʇ‬","one":[{"t":"idOrVar","v":"n"}," ‮sǝʅǝɔʇǝp‬"],"two":[{"t":"idOrVar","v":"n"}," ‮sǝʅǝɔʇǝp‬"],"few":[{"t":"idOrVar","v":"n"}," ‮sǝʅǝɔʇǝp‬"],"many":[{"t":"idOrVar","v":"n"}," ‮sǝʅǝɔʇǝp‬"],"other":[{"t":"idOrVar","v":"n"}," ‮sǝʅǝɔʇǝp‬"]},"$x":[{"t":"idOrVar","v":"plural"},"n"]},{"$i":"delete-n-items?","$v":{"zero":"‮Noʇɥıuƃ‬ ‮sǝʅǝɔʇǝp‬","one":"‮pǝʅǝʇǝ‬ ‮sǝʅǝɔʇǝp‬ ‮ıʇǝɯ‬?","two":["‮pǝʅǝʇǝ‬ ",{"t":"idOrVar","v":"n"}," ‮ıʇǝɯs‬?"],"few":["‮pǝʅǝʇǝ‬ ",{"t":"idOrVar","v":"n"}," ‮ıʇǝɯs‬?"],"many":["‮pǝʅǝʇǝ‬ ",{"t":"idOrVar","v":"n"}," ‮ıʇǝɯs‬?"],"other":["‮pǝʅǝʇǝ‬ ",{"t":"idOrVar","v":"n"}," ‮ıʇǝɯs‬?"]},"$x":[{"t":"idOrVar","v":"plural"},"n"]},{"$i":"share-noprovider","$v":"‮⊥ɹʎ‬ ‮sɥɐɹıuƃ‬ ‮ouǝ‬ ‮ʌıpǝo‬ ‮ɐʇ‬ ‮ɐ‬ ‮ʇıɯǝ‬."},{"$i":"videos","$v":"‮Ʌıpǝos‬"},{"$i":"cancel","$v":"‮Ↄɐuɔǝʅ‬"},{"$i":"delete-video?","$v":"‮pǝʅǝʇǝ‬ ‮ʌıpǝo‬?"},{"$i":"empty-title","$v":"‮∀pp‬ ‮ʌıpǝos‬ ‮ʇo‬ ‮ƃǝʇ‬ ‮sʇɐɹʇǝp‬"},{"$i":"empty-text","$v":"‮˥oɐp‬ ‮ʌıpǝos‬ ‮ou‬ ‮ʇo‬ ‮ʇɥǝ‬ ‮ɯǝɯoɹʎ‬ ‮ɔɐɹp‬."},{"$i":"nocard2-title","$v":"‮No‬ ‮ɯǝɯoɹʎ‬ ‮ɔɐɹp‬ ‮ɟonup‬"},{"$i":"nocard3-text","$v":"‮Iusǝɹʇ‬ ‮ɐ‬ ‮ɯǝɯoɹʎ‬ ‮ɔɐɹp‬ ‮ʇo‬ ‮ʍɐʇɔɥ‬ ‮ʌıpǝos‬."},{"$i":"pluggedin-title","$v":"‮Ʌıpǝo‬ ‮ɔɐu‬ ‮uoʇ‬ ‮qǝ‬ ‮ʍɐʇɔɥǝp‬ ‮ʍɥıʅǝ‬ ‮dʅnƃƃǝp‬ ‮ıu‬"},{"$i":"pluggedin-text","$v":"‮∩udʅnƃ‬ ‮ʇɥǝ‬ ‮dɥouǝ‬ ‮ʇo‬ ‮ʍɐʇɔɥ‬ ‮ʌıpǝos‬."},{"$i":"upgrade-title","$v":"‮pɐʇɐqɐsǝ‬ ‮∩dƃɹɐpǝ‬"},{"$i":"upgrade-text","$v":"‮Ԁʅǝɐsǝ‬ ‮ʍɐıʇ‬ ‮ʍɥıʅǝ‬ ‮Ʌıpǝo‬ ‮ndpɐʇǝs‬ ‮ıʇs‬ ‮pɐʇɐqɐsǝ‬."},{"$i":"confirm-delete","$v":"‮∀ɹǝ‬ ‮ʎon‬ ‮snɹǝ‬ ‮ʎon‬ ‮ʍɐuʇ‬ ‮ʇo‬ ‮pǝʅǝʇǝ‬:"},{"$i":"pick-title","$v":"‮Sǝʅǝɔʇ‬ ‮ɐ‬ ‮ʌıpǝo‬"},{"$i":"save","$v":"‮Sɐʌǝ‬"},{"$i":"saved","$v":["‮Sɐʌǝp‬ ",{"t":"idOrVar","v":"title"}," ‮ʇo‬ ‮Ʌıpǝo‬"]},{"$i":"error-network","$v":"‮⊥ɥǝ‬ ‮ʌıpǝo‬ ‮ɔonʅp‬ ‮uoʇ‬ ‮qǝ‬ ‮poʍuʅoɐpǝp‬ ‮qǝɔɐnsǝ‬ ‮oɟ‬ ‮ɐ‬ ‮uǝʇʍoɹʞ‬ ‮ǝɹɹoɹ‬."},{"$i":"error-unsupported","$v":"‮Ʌıpǝo‬ ‮ɔɐuuoʇ‬ ‮qǝ‬ ‮dʅɐʎǝp‬: ‮ǝıʇɥǝɹ‬ ‮qǝɔɐnsǝ‬ ‮ʇɥǝ‬ ‮sǝɹʌǝɹ‬ ‮oɹ‬ ‮uǝʇʍoɹʞ‬ ‮ɟɐıʅǝp‬ ‮oɹ‬ ‮qǝɔɐnsǝ‬ ‮ʇɥǝ‬ ‮ɟoɹɯɐʇ‬ ‮ıs‬ ‮uoʇ‬ ‮snddoɹʇǝp‬."},{"$i":"error-unknown","$v":"‮∀u‬ ‮nuʞuoʍu‬ ‮ʌıpǝo‬ ‮ǝɹɹoɹ‬ ‮oɔɔnɹɹǝp‬."},{"$i":"video-hardware-in-use-title","$v":"‮Ↄɐuuoʇ‬ ‮dʅɐʎ‬ ‮ʌıpǝo‬"},{"$i":"video-hardware-in-use-text","$v":"‮∀uoʇɥǝɹ‬ ‮ɐdd‬ ‮ıs‬ ‮ɔnɹɹǝuʇʅʎ‬ ‮nsıuƃ‬ ‮ʇɥǝ‬ ‮ʌıpǝo‬ ‮dʅɐʎǝɹ‬."},{"$i":"overlay-cancel-button","$v":"‮Ↄɐuɔǝʅ‬"},{"$i":"overlay-camera-button","$v":"‮פo‬ ‮ʇo‬ ‮Ↄɐɯǝɹɐ‬"},{"$i":"name-label","$v":"‮Nɐɯǝ‬"},{"$i":"length-label","$v":"‮˥ǝuƃʇɥ‬"},{"$i":"size-label","$v":"‮Sızǝ‬"},{"$i":"video-type-label","$v":"‮Ʌıpǝo‬ ‮⊥ʎdǝ‬"},{"$i":"date-taken-label","$v":"‮pɐʇǝ‬ ‮⊥ɐʞǝu‬"},{"$i":"resolution-label","$v":"‮ᴚǝsoʅnʇıou‬"},{"$i":"close-button","$v":"‮Ↄʅosǝ‬"},{"$i":"byteUnit-B","$v":"‮Ԑʎʇǝs‬"},{"$i":"byteUnit-KB","$v":"‮ӼԐ‬"},{"$i":"byteUnit-MB","$v":"‮WԐ‬"},{"$i":"byteUnit-GB","$v":"‮פԐ‬"},{"$i":"byteUnit-TB","$v":"‮⊥Ԑ‬"},{"$i":"byteUnit-PB","$v":"‮ԀԐ‬"},{"$i":"byteUnit-EB","$v":"‮ƎԐ‬"},{"$i":"byteUnit-ZB","$v":"‮ZԐ‬"},{"$i":"byteUnit-YB","$v":"‮ʎԐ‬"},{"$i":"fileSize","$v":[{"t":"idOrVar","v":"size"}," ",{"t":"idOrVar","v":"unit"}]},{"$i":"share","$v":"‮Sɥɐɹǝ‬"},{"$i":"more-info","$v":"‮Woɹǝ‬ ‮ıuɟo‬"},{"$i":"delete","$v":"‮pǝʅǝʇǝ‬"},{"$i":"video-button","ariaLabel":"‮Ʌıpǝo‬"},{"$i":"select-button","ariaLabel":"‮Sǝʅǝɔʇ‬"},{"$i":"delete-button","ariaLabel":"‮pǝʅǝʇǝ‬"},{"$i":"share-button","ariaLabel":"‮Sɥɐɹǝ‬"},{"$i":"info-view","ariaLabel":"‮Iuɟo‬"},{"$i":"confirm-dialog","ariaLabel":"‮Ↄouɟıɹɯ‬"},{"$i":"videos-list","ariaLabel":"‮Ʌıpǝos‬"},{"$i":"options-more","ariaLabel":"‮Woɹǝ‬"},{"$i":"seek-backward","ariaLabel":"‮Sǝǝʞ‬ ‮qɐɔʞʍɐɹp‬"},{"$i":"seek-bar","ariaLabel":{"$v":["‮Sǝǝʞ‬ ‮qɐɹ‬, ‮pnɹɐʇıou‬ ",{"t":"idOrVar","v":"duration"}]}},{"$i":"seek-forward","ariaLabel":"‮Sǝǝʞ‬ ‮ɟoɹʍɐɹp‬"},{"$i":"play-button","ariaLabel":"‮Ԁʅɐʎ‬"},{"$i":"pause-button","ariaLabel":"‮Ԁɐnsǝ‬"},{"$i":"fullscreen-button","ariaLabel":"‮ɟnʅʅ‬ ‮sɔɹǝǝu‬"},{"$i":"show-controls-button","ariaLabel":"‮Sɥoʍ‬ ‮ɔouʇɹoʅs‬"},{"$i":"hide-controls-button","ariaLabel":"‮Hıpǝ‬ ‮ɔouʇɹoʅs‬"},{"$i":"spinner-overlay","ariaValueText":"‮˥oɐpıuƃ‬"}]