[{"$i":"stop-download-body","$v":["‮po‬ ‮ʎon‬ ‮ʍɐuʇ‬ ‮ʇo‬ ‮sʇod‬ ‮poʍuʅoɐpıuƃ‬ ",{"t":"idOrVar","v":"name"},"?"]},{"$i":"stop-download-action","$v":"‮Sʇod‬"},{"$i":"resume-download-body","$v":["‮po‬ ‮ʎon‬ ‮ʍɐuʇ‬ ‮ʇo‬ ‮poʍuʅoɐp‬ ",{"t":"idOrVar","v":"name"},"?"]},{"$i":"resume-download-action","$v":"‮poʍuʅoɐp‬"},{"$i":"cancel-action","$v":"‮Ↄɐuɔǝʅ‬"},{"$i":"apps-panel","ariaLabel":"‮∀ddʅıɔɐʇıous‬"},{"$i":"pages-panel","ariaLabel":"‮Ԁıuuǝp‬ ‮Ԁɐƃǝs‬"},{"$i":"page-indicator-text","ariaValueText":{"$v":["‮Ԁɐƃǝ‬ ",{"t":"idOrVar","v":"currentPage"}," ‮oɟ‬ ",{"t":"idOrVar","v":"totalPages"}]}},{"$i":"no-pinned-pages-header","$v":"‮No‬ ‮Ԁıuuǝp‬ ‮Ԁɐƃǝs‬ ‮ʎǝʇ‬."},{"$i":"no-pinned-pages-body","$v":"‮∩sǝ‬ ‮ʎonɹ‬ ‮qɹoʍsǝɹ‬ ‮ʇo‬ ‮dıu‬ ‮ɐuʎ‬ ‮ʍǝq‬ ‮dɐƃǝ‬ ‮ʇo‬ ‮ʇɥıs‬ ‮sɔɹǝǝu‬."},{"$i":"edit-done","$v":"‮pouǝ‬"}]