[{"$i":"back","$v":"‮Ԑɐɔʞ‬"},{"$i":"save","$v":"‮Sɐʌǝ‬"},{"$i":"hide","$v":"‮Hıpǝ‬"},{"$i":"cancel","$v":"‮Ↄɐuɔǝʅ‬"},{"$i":"confirm","$v":"‮Ↄouɟıɹɯ‬"},{"$i":"done","$v":"‮pouǝ‬"},{"$i":"events","$v":"‮Ǝʌǝuʇs‬"},{"$i":"edit","$v":"‮Ǝpıʇ‬"},{"$i":"allday-events","$v":"‮∀ʅʅ‬-‮pɐʎ‬ ‮Ǝʌǝuʇs‬"},{"$i":"no-events","$v":"‮No‬ ‮Ǝʌǝuʇs‬"},{"$i":"show-today","$v":"‮⊥opɐʎ‬"},{"$i":"show-month-view","$v":"‮Wouʇɥ‬"},{"$i":"show-week-view","$v":"‮Ｍǝǝʞ‬"},{"$i":"show-day-view","$v":"‮pɐʎ‬"},{"$i":"settings-show","$v":"‮Sǝʇʇıuƃs‬"},{"$i":"settings-hide","$v":"‮Hıpǝ‬ ‮sǝʇʇıuƃs‬"},{"$i":"add-account","$v":"‮∀pp‬ ‮ɐu‬ ‮ɐɔɔonuʇ‬"},{"$i":"new-event-link","ariaLabel":"‮∀pp‬ ‮ǝʌǝuʇ‬"},{"$i":"view-event-header","$v":"‮Ǝʌǝuʇ‬"},{"$i":"new-event-header","$v":"‮∀pp‬ ‮Ǝʌǝuʇ‬"},{"$i":"edit-event-header","$v":"‮Ǝpıʇ‬ ‮Ǝʌǝuʇ‬"},{"$i":"account-header","$v":"‮∀ɔɔonuʇ‬"},{"$i":"account-list-header","$v":"‮∀ɔɔonuʇs‬"},{"$i":"advanced-settings-short-icon-button","ariaLabel":"‮Sǝʇʇıuƃs‬"},{"$i":"advanced-settings-header","$v":"‮Ↄɐʅǝupɐɹ‬ ‮Sǝʇʇıuƃs‬"},{"$i":"advanced-settings-personalization","$v":"‮Ԁǝɹsouɐʅızɐʇıou‬"},{"$i":"advanced-settings-reminders","$v":"‮ᴚǝɯıupǝɹs‬"},{"$i":"advanced-settings-add-account","$v":"‮∀pp‬ ‮∀ɔɔonuʇ‬"},{"$i":"field-user","placeholder":"‮∩sǝɹuɐɯǝ‬"},{"$i":"field-password","placeholder":"‮Ԁɐssʍoɹp‬"},{"$i":"field-full-url","placeholder":"‮∩ᴚ˥‬"},{"$i":"modify-account-setting-up-2","$v":"‮Sǝʇʇıuƃ‬ ‮nd‬ ‮ɐɔɔonuʇ‬"},{"$i":"modify-account-unable-to-sync","$v":"‮∩uɐqʅǝ‬ ‮ʇo‬ ‮sʎuɔ‬"},{"$i":"modify-account-sign-in","$v":"‮Sıƃu‬ ‮ıu‬"},{"$i":"preset-caldav","$v":"‮Ↄɐʅpɐʌ‬"},{"$i":"preset-yahoo","$v":"‮ʎɐɥoo‬!"},{"$i":"preset-google","$v":"‮פooƃʅǝ‬"},{"$i":"preset-local","$v":"‮Oɟɟʅıuǝ‬ ‮ɔɐʅǝupɐɹ‬"},{"$i":"preset-mozilla","$v":"‮Wozıʅʅɐ‬ ‮Zıɯqɹɐ‬"},{"$i":"calendar-local","$v":"‮Oɟɟʅıuǝ‬ ‮ɔɐʅǝupɐɹ‬"},{"$i":"event-title","placeholder":"‮⊥ıʇʅǝ‬"},{"$i":"event-location","placeholder":"‮Ｍɥǝɹǝ‬?"},{"$i":"event-description","placeholder":"‮Noʇǝs‬"},{"$i":"event-is-allday","$v":"‮∀ʅʅ‬ ‮pɐʎ‬ ‮ǝʌǝuʇ‬?"},{"$i":"event-start-date","placeholder":"‮Sʇɐɹʇ‬ ‮pɐʇǝ‬"},{"$i":"event-end-date","placeholder":"‮Ǝup‬ ‮pɐʇǝ‬"},{"$i":"event-start-time","placeholder":"‮Sʇɐɹʇ‬ ‮ʇıɯǝ‬"},{"$i":"event-end-time","placeholder":"‮Ǝup‬ ‮ʇıɯǝ‬"},{"$i":"event-delete","$v":"‮pǝʅǝʇǝ‬ ‮ǝʌǝuʇ‬"},{"$i":"remove-account-data","$v":"‮ᴚǝɯoʌǝ‬ ‮ʅoɔɐʅ‬ ‮pɐʇɐ‬"},{"$i":"remove-account-dialog","$v":"‮ᴚǝɯoʌǝ‬ ‮ɐɔɔonuʇ‬"},{"$i":"remove-account-dialog-details","$v":"‮ᴚǝɯoʌıuƃ‬ ‮ʇɥıs‬ ‮ɐɔɔonuʇ‬ ‮ʍıʅʅ‬ ‮ɐʅso‬ ‮ɹǝɯoʌǝ‬ ‮ʎonɹ‬ ‮ʅoɔɐʅ‬ ‮ɔodʎ‬ ‮oɟ‬ ‮ɐssoɔıɐʇǝp‬ ‮ɔɐʅǝupɐɹs‬ ‮ɐup‬ ‮ǝʌǝuʇs‬."},{"$i":"drawer-sync-icon-button","ariaLabel":"‮Sʎuɔ‬"},{"$i":"sync-progress-syncing","ariaValueText":"‮Sʎuɔıuƃ‬"},{"$i":"sync-progress-complete","ariaValueText":"‮Sʎuɔıuƃ‬ ‮ɔoɯdʅǝʇǝ‬"},{"$i":"sync-frequency","$v":"‮Sʎuɔ‬ ‮Ↄɐʅǝupɐɹ‬"},{"$i":"sync-frequency-15min","$v":"15 ‮ɯıu‬"},{"$i":"sync-frequency-30min","$v":"30 ‮ɯıu‬"},{"$i":"sync-frequency-manual","$v":"‮Wɐunɐʅʅʎ‬"},{"$i":"one-day-duration","$v":[{"t":"idOrVar","v":"startDate"},"<br>‮ɟɹoɯ‬ ",{"t":"idOrVar","v":"startTime"}," ‮ʇo‬ ",{"t":"idOrVar","v":"endTime"}]},{"$i":"multiple-day-duration","$v":["‮ɟɹoɯ‬ ",{"t":"idOrVar","v":"startTime"}," ",{"t":"idOrVar","v":"startDate"},"<br>‮ʇo‬ ",{"t":"idOrVar","v":"endTime"}," ",{"t":"idOrVar","v":"endDate"}]},{"$i":"one-all-day-duration","$v":["‮∀ʅʅ‬ ‮pɐʎ‬<br>",{"t":"idOrVar","v":"startDate"}]},{"$i":"multiple-all-day-duration","$v":["‮∀ʅʅ‬ ‮pɐʎ‬ ‮ɟɹoɯ‬ ",{"t":"idOrVar","v":"startDate"},"<br>‮ʇo‬ ",{"t":"idOrVar","v":"endDate"}]},{"$i":"none","$v":"‮Nouǝ‬"},{"$i":"reminder","$v":"‮ᴚǝɯıupǝɹ‬:"},{"$i":"remind-me","$v":"‮ᴚǝɯıup‬ ‮ɯǝ‬"},{"$i":"alarm-at-event-standard","$v":"‮∀ʇ‬ ‮ʇıɯǝ‬ ‮oɟ‬ ‮ǝʌǝuʇ‬"},{"$i":"alarm-at-event-allday","$v":"‮Ou‬ ‮pɐʎ‬ ‮oɟ‬ ‮ǝʌǝuʇ‬"},{"$i":"alarm-start-notice","$v":[{"t":"idOrVar","v":"title"}," ‮sʇɐɹʇıuƃ‬ ",{"t":"idOrVar","v":"distance"}]},{"$i":"alarm-started-notice","$v":[{"t":"idOrVar","v":"title"}," ‮sʇɐɹʇǝp‬ ",{"t":"idOrVar","v":"distance"}]},{"$i":"minutes-before","$v":{"zero":"0 ‮ɯıunʇǝs‬ ‮qǝɟoɹǝ‬","one":"1 ‮ɯıunʇǝ‬ ‮qǝɟoɹǝ‬","two":[{"t":"idOrVar","v":"value"}," ‮ɯıunʇǝs‬ ‮qǝɟoɹǝ‬"],"few":[{"t":"idOrVar","v":"value"}," ‮ɯıunʇǝs‬ ‮qǝɟoɹǝ‬"],"many":[{"t":"idOrVar","v":"value"}," ‮ɯıunʇǝs‬ ‮qǝɟoɹǝ‬"],"other":[{"t":"idOrVar","v":"value"}," ‮ɯıunʇǝs‬ ‮qǝɟoɹǝ‬"]},"$x":[{"t":"idOrVar","v":"plural"},"value"]},{"$i":"hours-before","$v":{"zero":"0 ‮ɥonɹs‬ ‮qǝɟoɹǝ‬","one":"1 ‮ɥonɹ‬ ‮qǝɟoɹǝ‬","two":[{"t":"idOrVar","v":"value"}," ‮ɥonɹs‬ ‮qǝɟoɹǝ‬"],"few":[{"t":"idOrVar","v":"value"}," ‮ɥonɹs‬ ‮qǝɟoɹǝ‬"],"many":[{"t":"idOrVar","v":"value"}," ‮ɥonɹs‬ ‮qǝɟoɹǝ‬"],"other":[{"t":"idOrVar","v":"value"}," ‮ɥonɹs‬ ‮qǝɟoɹǝ‬"]},"$x":[{"t":"idOrVar","v":"plural"},"value"]},{"$i":"days-before","$v":{"zero":"0 ‮pɐʎs‬ ‮qǝɟoɹǝ‬","one":"1 ‮pɐʎ‬ ‮qǝɟoɹǝ‬","two":[{"t":"idOrVar","v":"value"}," ‮pɐʎs‬ ‮qǝɟoɹǝ‬"],"few":[{"t":"idOrVar","v":"value"}," ‮pɐʎs‬ ‮qǝɟoɹǝ‬"],"many":[{"t":"idOrVar","v":"value"}," ‮pɐʎs‬ ‮qǝɟoɹǝ‬"],"other":[{"t":"idOrVar","v":"value"}," ‮pɐʎs‬ ‮qǝɟoɹǝ‬"]},"$x":[{"t":"idOrVar","v":"plural"},"value"]},{"$i":"weeks-before","$v":{"zero":"0 ‮ʍǝǝʞs‬ ‮qǝɟoɹǝ‬","one":"1 ‮ʍǝǝʞ‬ ‮qǝɟoɹǝ‬","two":[{"t":"idOrVar","v":"value"}," ‮ʍǝǝʞs‬ ‮qǝɟoɹǝ‬"],"few":[{"t":"idOrVar","v":"value"}," ‮ʍǝǝʞs‬ ‮qǝɟoɹǝ‬"],"many":[{"t":"idOrVar","v":"value"}," ‮ʍǝǝʞs‬ ‮qǝɟoɹǝ‬"],"other":[{"t":"idOrVar","v":"value"}," ‮ʍǝǝʞs‬ ‮qǝɟoɹǝ‬"]},"$x":[{"t":"idOrVar","v":"plural"},"value"]},{"$i":"months-before","$v":{"zero":"0 ‮ɯouʇɥs‬ ‮qǝɟoɹǝ‬","one":"1 ‮ɯouʇɥ‬ ‮qǝɟoɹǝ‬","two":[{"t":"idOrVar","v":"value"}," ‮ɯouʇɥs‬ ‮qǝɟoɹǝ‬"],"few":[{"t":"idOrVar","v":"value"}," ‮ɯouʇɥs‬ ‮qǝɟoɹǝ‬"],"many":[{"t":"idOrVar","v":"value"}," ‮ɯouʇɥs‬ ‮qǝɟoɹǝ‬"],"other":[{"t":"idOrVar","v":"value"}," ‮ɯouʇɥs‬ ‮qǝɟoɹǝ‬"]},"$x":[{"t":"idOrVar","v":"plural"},"value"]},{"$i":"years-before","$v":{"zero":"0 ‮ʎǝɐɹs‬ ‮qǝɟoɹǝ‬","one":"1 ‮ʎǝɐɹ‬ ‮qǝɟoɹǝ‬","two":[{"t":"idOrVar","v":"value"}," ‮ʎǝɐɹs‬ ‮qǝɟoɹǝ‬"],"few":[{"t":"idOrVar","v":"value"}," ‮ʎǝɐɹs‬ ‮qǝɟoɹǝ‬"],"many":[{"t":"idOrVar","v":"value"}," ‮ʎǝɐɹs‬ ‮qǝɟoɹǝ‬"],"other":[{"t":"idOrVar","v":"value"}," ‮ʎǝɐɹs‬ ‮qǝɟoɹǝ‬"]},"$x":[{"t":"idOrVar","v":"plural"},"value"]},{"$i":"minutes-after","$v":{"zero":"0 ‮ɯıunʇǝs‬ ‮ɐɟʇǝɹ‬","one":"1 ‮ɯıunʇǝ‬ ‮ɐɟʇǝɹ‬","two":[{"t":"idOrVar","v":"value"}," ‮ɯıunʇǝs‬ ‮ɐɟʇǝɹ‬"],"few":[{"t":"idOrVar","v":"value"}," ‮ɯıunʇǝs‬ ‮ɐɟʇǝɹ‬"],"many":[{"t":"idOrVar","v":"value"}," ‮ɯıunʇǝs‬ ‮ɐɟʇǝɹ‬"],"other":[{"t":"idOrVar","v":"value"}," ‮ɯıunʇǝs‬ ‮ɐɟʇǝɹ‬"]},"$x":[{"t":"idOrVar","v":"plural"},"value"]},{"$i":"hours-after","$v":{"zero":"0 ‮ɥonɹs‬ ‮ɐɟʇǝɹ‬","one":"1 ‮ɥonɹ‬ ‮ɐɟʇǝɹ‬","two":[{"t":"idOrVar","v":"value"}," ‮ɥonɹs‬ ‮ɐɟʇǝɹ‬"],"few":[{"t":"idOrVar","v":"value"}," ‮ɥonɹs‬ ‮ɐɟʇǝɹ‬"],"many":[{"t":"idOrVar","v":"value"}," ‮ɥonɹs‬ ‮ɐɟʇǝɹ‬"],"other":[{"t":"idOrVar","v":"value"}," ‮ɥonɹs‬ ‮ɐɟʇǝɹ‬"]},"$x":[{"t":"idOrVar","v":"plural"},"value"]},{"$i":"days-after","$v":{"zero":"0 ‮pɐʎs‬ ‮ɐɟʇǝɹ‬","one":"1 ‮pɐʎ‬ ‮ɐɟʇǝɹ‬","two":[{"t":"idOrVar","v":"value"}," ‮pɐʎs‬ ‮ɐɟʇǝɹ‬"],"few":[{"t":"idOrVar","v":"value"}," ‮pɐʎs‬ ‮ɐɟʇǝɹ‬"],"many":[{"t":"idOrVar","v":"value"}," ‮pɐʎs‬ ‮ɐɟʇǝɹ‬"],"other":[{"t":"idOrVar","v":"value"}," ‮pɐʎs‬ ‮ɐɟʇǝɹ‬"]},"$x":[{"t":"idOrVar","v":"plural"},"value"]},{"$i":"weeks-after","$v":{"zero":"0 ‮ʍǝǝʞs‬ ‮ɐɟʇǝɹ‬","one":"1 ‮ʍǝǝʞ‬ ‮ɐɟʇǝɹ‬","two":[{"t":"idOrVar","v":"value"}," ‮ʍǝǝʞs‬ ‮ɐɟʇǝɹ‬"],"few":[{"t":"idOrVar","v":"value"}," ‮ʍǝǝʞs‬ ‮ɐɟʇǝɹ‬"],"many":[{"t":"idOrVar","v":"value"}," ‮ʍǝǝʞs‬ ‮ɐɟʇǝɹ‬"],"other":[{"t":"idOrVar","v":"value"}," ‮ʍǝǝʞs‬ ‮ɐɟʇǝɹ‬"]},"$x":[{"t":"idOrVar","v":"plural"},"value"]},{"$i":"months-after","$v":{"zero":"0 ‮ɯouʇɥs‬ ‮ɐɟʇǝɹ‬","one":"1 ‮ɯouʇɥ‬ ‮ɐɟʇǝɹ‬","two":[{"t":"idOrVar","v":"value"}," ‮ɯouʇɥs‬ ‮ɐɟʇǝɹ‬"],"few":[{"t":"idOrVar","v":"value"}," ‮ɯouʇɥs‬ ‮ɐɟʇǝɹ‬"],"many":[{"t":"idOrVar","v":"value"}," ‮ɯouʇɥs‬ ‮ɐɟʇǝɹ‬"],"other":[{"t":"idOrVar","v":"value"}," ‮ɯouʇɥs‬ ‮ɐɟʇǝɹ‬"]},"$x":[{"t":"idOrVar","v":"plural"},"value"]},{"$i":"years-after","$v":{"zero":"0 ‮ʎǝɐɹs‬ ‮ɐɟʇǝɹ‬","one":"1 ‮ʎǝɐɹ‬ ‮ɐɟʇǝɹ‬","two":[{"t":"idOrVar","v":"value"}," ‮ʎǝɐɹs‬ ‮ɐɟʇǝɹ‬"],"few":[{"t":"idOrVar","v":"value"}," ‮ʎǝɐɹs‬ ‮ɐɟʇǝɹ‬"],"many":[{"t":"idOrVar","v":"value"}," ‮ʎǝɐɹs‬ ‮ɐɟʇǝɹ‬"],"other":[{"t":"idOrVar","v":"value"}," ‮ʎǝɐɹs‬ ‮ɐɟʇǝɹ‬"]},"$x":[{"t":"idOrVar","v":"plural"},"value"]},{"$i":"hour-allday","$v":"‮∀ʅʅ‬ ‮pɐʎ‬"},{"$i":"error-start-date-after-end-date","$v":"‮⊥ɥǝ‬ ‮ǝʌǝuʇ‬ ‮ɔɐuuoʇ‬ ‮ǝup‬ ‮qǝɟoɹǝ‬ ‮ıʇs‬ ‮sʇɐɹʇ‬ ‮pɐʇǝ‬"},{"$i":"error-start-time-after-end-time","$v":"‮⊥ɥǝ‬ ‮ǝʌǝuʇ‬ ‮ɔɐuuoʇ‬ ‮ǝup‬ ‮qǝɟoɹǝ‬ ‮ıʇs‬ ‮sʇɐɹʇ‬ ‮ʇıɯǝ‬"},{"$i":"error-unauthenticated","$v":"‮Ｍɹouƃ‬ ‮ʅoƃıu‬ ‮ɐup‬/‮oɹ‬ ‮dɐssʍoɹp‬"},{"$i":"error-internal-server-error","$v":"‮Sǝɹʌǝɹ‬ ‮ǝɹɹoɹ‬. ‮Ↄɥǝɔʞ‬ ‮ʎonɹ‬ ‮ʅoƃıu‬ ‮ɐup‬ ‮ʇɹʎ‬ ‮ɐƃɐıu‬."},{"$i":"error-default","$v":"‮Soɯǝʇɥıuƃ‬ ‮ıs‬ ‮ʍɹouƃ‬. ‮⊥ɹʎ‬ ‮ɐƃɐıu‬ ‮ʅɐʇǝɹ‬."},{"$i":"error-offline","$v":"‮No‬ ‮ɔouuǝɔʇıou‬. ‮Ↄɥǝɔʞ‬ ‮ʎonɹ‬ ‮uǝʇʍoɹʞ‬ ‮ɔouɟıƃnɹɐʇıou‬ ‮ɐup‬ ‮ʇɹʎ‬ ‮ɐƃɐıu‬."},{"$i":"error-account-exist","$v":"‮⊥ɥıs‬ ‮ɐɔɔonuʇ‬ ‮ɐʅɹǝɐpʎ‬ ‮ǝxısʇs‬."},{"$i":"notification-error-sync-title","$v":"‮Ↄɐʅǝupɐɹ‬ ‮sʎuɔ‬ ‮ǝɹɹoɹ‬"},{"$i":"notification-error-sync-description","$v":"‮⊥ɐd‬ ‮ɟoɹ‬ ‮ɯoɹǝ‬ ‮ıuɟo‬"},{"$i":"weekday-0-single-char","$v":"‮S‬","ariaLabel":"‮Snupɐʎ‬"},{"$i":"weekday-1-single-char","$v":"‮W‬","ariaLabel":"‮Woupɐʎ‬"},{"$i":"weekday-2-single-char","$v":"‮⊥‬","ariaLabel":"‮⊥nǝspɐʎ‬"},{"$i":"weekday-3-single-char","$v":"‮Ｍ‬","ariaLabel":"‮Ｍǝpuǝspɐʎ‬"},{"$i":"weekday-4-single-char","$v":"‮⊥‬","ariaLabel":"‮⊥ɥnɹspɐʎ‬"},{"$i":"weekday-5-single-char","$v":"‮ɟ‬","ariaLabel":"‮ɟɹıpɐʎ‬"},{"$i":"weekday-6-single-char","$v":"‮S‬","ariaLabel":"‮Sɐʇnɹpɐʎ‬"},{"$i":"busy","$v":{"one":[{"t":"idOrVar","v":"n"}," ‮ǝʌǝuʇ‬"],"two":[{"t":"idOrVar","v":"n"}," ‮ǝʌǝuʇs‬"],"few":[{"t":"idOrVar","v":"n"}," ‮ǝʌǝuʇs‬"],"many":[{"t":"idOrVar","v":"n"}," ‮ǝʌǝuʇs‬"],"other":[{"t":"idOrVar","v":"n"}," ‮ǝʌǝuʇs‬"]},"$x":[{"t":"idOrVar","v":"plural"},"n"]},{"$i":"present","ariaLabel":"‮⊥opɐʎ‬"},{"$i":"past-other-month-description","ariaLabel":"‮Oʇɥǝɹ‬ ‮ɯouʇɥ‬"},{"$i":"future-other-month-description","ariaLabel":"‮Oʇɥǝɹ‬ ‮ɯouʇɥ‬"},{"$i":"icon-calendar-alarm","ariaLabel":"‮Hɐs‬ ‮ɐʅɐɹɯ‬"},{"$i":"calendars","ariaLabel":"‮Ↄɐʅǝupɐɹs‬"},{"$i":"multi-day-new-event-link","ariaLabel":"‮∀pp‬ ‮ǝʌǝuʇ‬"},{"$i":"title","ariaLabel":"‮⊥ıʇʅǝ‬"},{"$i":"location","ariaLabel":"‮˥oɔɐʇıou‬"},{"$i":"duration","ariaLabel":"‮pnɹɐʇıou‬"},{"$i":"calendar","ariaLabel":"‮Ↄɐʅǝupɐɹ‬"},{"$i":"alarms","ariaLabel":"‮∀ʅɐɹɯs‬"},{"$i":"description","ariaLabel":"‮pǝsɔɹıdʇıou‬"},{"$i":"start-date","ariaLabel":"‮Sʇɐɹʇ‬ ‮pɐʇǝ‬"},{"$i":"start-time","ariaLabel":"‮Sʇɐɹʇ‬ ‮ʇıɯǝ‬"},{"$i":"end-date","ariaLabel":"‮Ǝup‬ ‮pɐʇǝ‬"},{"$i":"end-time","ariaLabel":"‮Ǝup‬ ‮ʇıɯǝ‬"},{"$i":"during-progress-loading","ariaValueText":"‮˥oɐpıuƃ‬"},{"$i":"all-day","ariaLabel":"‮∀ʅʅ‬ ‮pɐʎ‬"},{"$i":"create-event","ariaLabel":"‮Ↄɹǝɐʇǝ‬ ‮ǝʌǝuʇ‬"},{"$i":"create-all-day-event","ariaLabel":"‮Ↄɹǝɐʇǝ‬ ‮ɐʅʅ‬ ‮pɐʎ‬ ‮ǝʌǝuʇ‬"},{"$i":"event-one-day-duration","ariaLabel":{"$v":["‮ɟɹoɯ‬ ",{"t":"idOrVar","v":"startTime"}," ‮ʇo‬ ",{"t":"idOrVar","v":"endTime"}]}},{"$i":"week-event-one-day-duration","ariaLabel":{"$v":[{"t":"idOrVar","v":"startDate"}," ‮ɟɹoɯ‬ ",{"t":"idOrVar","v":"startTime"}," ‮ʇo‬ ",{"t":"idOrVar","v":"endTime"}]}},{"$i":"event-multiple-day-duration","ariaLabel":{"$v":["‮ɟɹoɯ‬ ",{"t":"idOrVar","v":"startTime"}," ",{"t":"idOrVar","v":"startDate"}," ‮ʇo‬ ",{"t":"idOrVar","v":"endTime"}," ",{"t":"idOrVar","v":"endDate"}]}},{"$i":"weekday-0-long","$v":"‮Snupɐʎ‬"},{"$i":"weekday-1-long","$v":"‮Woupɐʎ‬"},{"$i":"weekday-2-long","$v":"‮⊥nǝspɐʎ‬"},{"$i":"weekday-3-long","$v":"‮Ｍǝpuǝspɐʎ‬"},{"$i":"weekday-4-long","$v":"‮⊥ɥnɹspɐʎ‬"},{"$i":"weekday-5-long","$v":"‮ɟɹıpɐʎ‬"},{"$i":"weekday-6-long","$v":"‮Sɐʇnɹpɐʎ‬"},{"$i":"weekday-0-short","$v":"‮Snu‬"},{"$i":"weekday-1-short","$v":"‮Wou‬"},{"$i":"weekday-2-short","$v":"‮⊥nǝ‬"},{"$i":"weekday-3-short","$v":"‮Ｍǝp‬"},{"$i":"weekday-4-short","$v":"‮⊥ɥn‬"},{"$i":"weekday-5-short","$v":"‮ɟɹı‬"},{"$i":"weekday-6-short","$v":"‮Sɐʇ‬"},{"$i":"month-0-long","$v":"‮ſɐunɐɹʎ‬"},{"$i":"month-1-long","$v":"‮ɟǝqɹnɐɹʎ‬"},{"$i":"month-2-long","$v":"‮Wɐɹɔɥ‬"},{"$i":"month-3-long","$v":"‮∀dɹıʅ‬"},{"$i":"month-4-long","$v":"‮Wɐʎ‬"},{"$i":"month-5-long","$v":"‮ſnuǝ‬"},{"$i":"month-6-long","$v":"‮ſnʅʎ‬"},{"$i":"month-7-long","$v":"‮∀nƃnsʇ‬"},{"$i":"month-8-long","$v":"‮Sǝdʇǝɯqǝɹ‬"},{"$i":"month-9-long","$v":"‮Oɔʇoqǝɹ‬"},{"$i":"month-10-long","$v":"‮Noʌǝɯqǝɹ‬"},{"$i":"month-11-long","$v":"‮pǝɔǝɯqǝɹ‬"},{"$i":"month-0-genitive","$v":"‮ſɐunɐɹʎ‬"},{"$i":"month-1-genitive","$v":"‮ɟǝqɹnɐɹʎ‬"},{"$i":"month-2-genitive","$v":"‮Wɐɹɔɥ‬"},{"$i":"month-3-genitive","$v":"‮∀dɹıʅ‬"},{"$i":"month-4-genitive","$v":"‮Wɐʎ‬"},{"$i":"month-5-genitive","$v":"‮ſnuǝ‬"},{"$i":"month-6-genitive","$v":"‮ſnʅʎ‬"},{"$i":"month-7-genitive","$v":"‮∀nƃnsʇ‬"},{"$i":"month-8-genitive","$v":"‮Sǝdʇǝɯqǝɹ‬"},{"$i":"month-9-genitive","$v":"‮Oɔʇoqǝɹ‬"},{"$i":"month-10-genitive","$v":"‮Noʌǝɯqǝɹ‬"},{"$i":"month-11-genitive","$v":"‮pǝɔǝɯqǝɹ‬"},{"$i":"month-0-short","$v":"‮ſɐu‬"},{"$i":"month-1-short","$v":"‮ɟǝq‬"},{"$i":"month-2-short","$v":"‮Wɐɹ‬"},{"$i":"month-3-short","$v":"‮∀dɹ‬"},{"$i":"month-4-short","$v":"‮Wɐʎ‬"},{"$i":"month-5-short","$v":"‮ſnu‬"},{"$i":"month-6-short","$v":"‮ſnʅ‬"},{"$i":"month-7-short","$v":"‮∀nƃ‬"},{"$i":"month-8-short","$v":"‮Sǝd‬"},{"$i":"month-9-short","$v":"‮Oɔʇ‬"},{"$i":"month-10-short","$v":"‮Noʌ‬"},{"$i":"month-11-short","$v":"‮pǝɔ‬"},{"$i":"minutes-ago-long","$v":{"zero":"‮ɾnsʇ‬ ‮uoʍ‬","one":"‮ɐ‬ ‮ɯıunʇǝ‬ ‮ɐƃo‬","two":[{"t":"idOrVar","v":"value"}," ‮ɯıunʇǝs‬ ‮ɐƃo‬"],"few":[{"t":"idOrVar","v":"value"}," ‮ɯıunʇǝs‬ ‮ɐƃo‬"],"many":[{"t":"idOrVar","v":"value"}," ‮ɯıunʇǝs‬ ‮ɐƃo‬"],"other":[{"t":"idOrVar","v":"value"}," ‮ɯıunʇǝs‬ ‮ɐƃo‬"]},"$x":[{"t":"idOrVar","v":"plural"},"value"]},{"$i":"hours-ago-long","$v":{"zero":"‮ɾnsʇ‬ ‮uoʍ‬","one":"‮ɐu‬ ‮ɥonɹ‬ ‮ɐƃo‬","two":[{"t":"idOrVar","v":"value"}," ‮ɥonɹs‬ ‮ɐƃo‬"],"few":[{"t":"idOrVar","v":"value"}," ‮ɥonɹs‬ ‮ɐƃo‬"],"many":[{"t":"idOrVar","v":"value"}," ‮ɥonɹs‬ ‮ɐƃo‬"],"other":[{"t":"idOrVar","v":"value"}," ‮ɥonɹs‬ ‮ɐƃo‬"]},"$x":[{"t":"idOrVar","v":"plural"},"value"]},{"$i":"days-ago-long","$v":{"zero":"‮ʇopɐʎ‬","one":"‮ʎǝsʇǝɹpɐʎ‬","two":[{"t":"idOrVar","v":"value"}," ‮pɐʎs‬ ‮ɐƃo‬"],"few":[{"t":"idOrVar","v":"value"}," ‮pɐʎs‬ ‮ɐƃo‬"],"many":[{"t":"idOrVar","v":"value"}," ‮pɐʎs‬ ‮ɐƃo‬"],"other":[{"t":"idOrVar","v":"value"}," ‮pɐʎs‬ ‮ɐƃo‬"]},"$x":[{"t":"idOrVar","v":"plural"},"value"]},{"$i":"weeks-ago-long","$v":{"zero":"‮ʇɥıs‬ ‮ʍǝǝʞ‬","one":"‮ʅɐsʇ‬ ‮ʍǝǝʞ‬","two":[{"t":"idOrVar","v":"value"}," ‮ʍǝǝʞs‬ ‮ɐƃo‬"],"few":[{"t":"idOrVar","v":"value"}," ‮ʍǝǝʞs‬ ‮ɐƃo‬"],"many":[{"t":"idOrVar","v":"value"}," ‮ʍǝǝʞs‬ ‮ɐƃo‬"],"other":[{"t":"idOrVar","v":"value"}," ‮ʍǝǝʞs‬ ‮ɐƃo‬"]},"$x":[{"t":"idOrVar","v":"plural"},"value"]},{"$i":"months-ago-long","$v":{"zero":"‮ʇɥıs‬ ‮ɯouʇɥ‬","one":"‮ʅɐsʇ‬ ‮ɯouʇɥ‬","two":[{"t":"idOrVar","v":"value"}," ‮ɯouʇɥs‬ ‮ɐƃo‬"],"few":[{"t":"idOrVar","v":"value"}," ‮ɯouʇɥs‬ ‮ɐƃo‬"],"many":[{"t":"idOrVar","v":"value"}," ‮ɯouʇɥs‬ ‮ɐƃo‬"],"other":[{"t":"idOrVar","v":"value"}," ‮ɯouʇɥs‬ ‮ɐƃo‬"]},"$x":[{"t":"idOrVar","v":"plural"},"value"]},{"$i":"years-ago-long","$v":{"zero":"‮ʇɥıs‬ ‮ʎǝɐɹ‬","one":"‮ʅɐsʇ‬ ‮ʎǝɐɹ‬","two":[{"t":"idOrVar","v":"value"}," ‮ʎǝɐɹs‬ ‮ɐƃo‬"],"few":[{"t":"idOrVar","v":"value"}," ‮ʎǝɐɹs‬ ‮ɐƃo‬"],"many":[{"t":"idOrVar","v":"value"}," ‮ʎǝɐɹs‬ ‮ɐƃo‬"],"other":[{"t":"idOrVar","v":"value"}," ‮ʎǝɐɹs‬ ‮ɐƃo‬"]},"$x":[{"t":"idOrVar","v":"plural"},"value"]},{"$i":"minutes-until-long","$v":{"zero":"‮uoʍ‬","one":"‮ıu‬ ‮ɐ‬ ‮ɯıunʇǝ‬","two":["‮ıu‬ ",{"t":"idOrVar","v":"value"}," ‮ɯıunʇǝs‬"],"few":["‮ıu‬ ",{"t":"idOrVar","v":"value"}," ‮ɯıunʇǝs‬"],"many":["‮ıu‬ ",{"t":"idOrVar","v":"value"}," ‮ɯıunʇǝs‬"],"other":["‮ıu‬ ",{"t":"idOrVar","v":"value"}," ‮ɯıunʇǝs‬"]},"$x":[{"t":"idOrVar","v":"plural"},"value"]},{"$i":"hours-until-long","$v":{"zero":"‮uoʍ‬","one":"‮ıu‬ ‮ɐu‬ ‮ɥonɹ‬","two":["‮ıu‬ ",{"t":"idOrVar","v":"value"}," ‮ɥonɹs‬"],"few":["‮ıu‬ ",{"t":"idOrVar","v":"value"}," ‮ɥonɹs‬"],"many":["‮ıu‬ ",{"t":"idOrVar","v":"value"}," ‮ɥonɹs‬"],"other":["‮ıu‬ ",{"t":"idOrVar","v":"value"}," ‮ɥonɹs‬"]},"$x":[{"t":"idOrVar","v":"plural"},"value"]},{"$i":"days-until-long","$v":{"zero":"‮ʇopɐʎ‬","one":"‮ʇoɯoɹɹoʍ‬","two":["‮ıu‬ ",{"t":"idOrVar","v":"value"}," ‮pɐʎs‬"],"few":["‮ıu‬ ",{"t":"idOrVar","v":"value"}," ‮pɐʎs‬"],"many":["‮ıu‬ ",{"t":"idOrVar","v":"value"}," ‮pɐʎs‬"],"other":["‮ıu‬ ",{"t":"idOrVar","v":"value"}," ‮pɐʎs‬"]},"$x":[{"t":"idOrVar","v":"plural"},"value"]},{"$i":"weeks-until-long","$v":{"zero":"‮ʇɥıs‬ ‮ʍǝǝʞ‬","one":"‮uǝxʇ‬ ‮ʍǝǝʞ‬","two":["‮ıu‬ ",{"t":"idOrVar","v":"value"}," ‮ʍǝǝʞs‬"],"few":["‮ıu‬ ",{"t":"idOrVar","v":"value"}," ‮ʍǝǝʞs‬"],"many":["‮ıu‬ ",{"t":"idOrVar","v":"value"}," ‮ʍǝǝʞs‬"],"other":["‮ıu‬ ",{"t":"idOrVar","v":"value"}," ‮ʍǝǝʞs‬"]},"$x":[{"t":"idOrVar","v":"plural"},"value"]},{"$i":"months-until-long","$v":{"zero":"‮ʇɥıs‬ ‮ɯouʇɥ‬","one":"‮uǝxʇ‬ ‮ɯouʇɥ‬","two":["‮ıu‬ ",{"t":"idOrVar","v":"value"}," ‮ɯouʇɥs‬"],"few":["‮ıu‬ ",{"t":"idOrVar","v":"value"}," ‮ɯouʇɥs‬"],"many":["‮ıu‬ ",{"t":"idOrVar","v":"value"}," ‮ɯouʇɥs‬"],"other":["‮ıu‬ ",{"t":"idOrVar","v":"value"}," ‮ɯouʇɥs‬"]},"$x":[{"t":"idOrVar","v":"plural"},"value"]},{"$i":"years-until-long","$v":{"zero":"‮ʇɥıs‬ ‮ʎǝɐɹ‬","one":"‮uǝxʇ‬ ‮ʎǝɐɹ‬","two":["‮ıu‬ ",{"t":"idOrVar","v":"value"}," ‮ʎǝɐɹs‬"],"few":["‮ıu‬ ",{"t":"idOrVar","v":"value"}," ‮ʎǝɐɹs‬"],"many":["‮ıu‬ ",{"t":"idOrVar","v":"value"}," ‮ʎǝɐɹs‬"],"other":["‮ıu‬ ",{"t":"idOrVar","v":"value"}," ‮ʎǝɐɹs‬"]},"$x":[{"t":"idOrVar","v":"plural"},"value"]},{"$i":"minutes-ago-short","$v":{"zero":"‮ɾnsʇ‬ ‮uoʍ‬","other":[{"t":"idOrVar","v":"value"},"‮ɯ‬ ‮ɐƃo‬"]},"$x":[{"t":"idOrVar","v":"plural"},"value"]},{"$i":"hours-ago-short","$v":{"zero":"‮ɾnsʇ‬ ‮uoʍ‬","other":[{"t":"idOrVar","v":"value"},"‮ɥ‬ ‮ɐƃo‬"]},"$x":[{"t":"idOrVar","v":"plural"},"value"]},{"$i":"days-ago-short","$v":{"zero":"‮ʇopɐʎ‬","other":[{"t":"idOrVar","v":"value"},"‮p‬ ‮ɐƃo‬"]},"$x":[{"t":"idOrVar","v":"plural"},"value"]},{"$i":"minutes-until-short","$v":{"zero":"‮uoʍ‬","other":["‮ıu‬ ",{"t":"idOrVar","v":"value"},"‮ɯ‬"]},"$x":[{"t":"idOrVar","v":"plural"},"value"]},{"$i":"hours-until-short","$v":{"zero":"‮uoʍ‬","other":["‮ıu‬ ",{"t":"idOrVar","v":"value"},"‮ɥ‬"]},"$x":[{"t":"idOrVar","v":"plural"},"value"]},{"$i":"days-until-short","$v":{"zero":"‮ʇopɐʎ‬","other":["‮ıu‬ ",{"t":"idOrVar","v":"value"},"‮p‬"]},"$x":[{"t":"idOrVar","v":"plural"},"value"]},{"$i":"incorrectDate","$v":"(‮ıuɔoɹɹǝɔʇ‬ ‮pɐʇǝ‬)"},{"$i":"dateTimeFormat_%c","$v":"%a %b %e %Y %I:%M:%S %p"},{"$i":"dateTimeFormat_%x","$v":"%m/%d/%Y"},{"$i":"dateTimeFormat_%X","$v":"%I:%M:%S %p"},{"$i":"shortTimeFormat","$v":"%I:%M %p"},{"$i":"shortTimeFormat12","$v":"%I:%M %p"},{"$i":"shortTimeFormat24","$v":"%H:%M"},{"$i":"shortDateTimeFormat","$v":"%x %I:%M %p"},{"$i":"weekStartsOnMonday","$v":"0"},{"$i":"firstDayOfTheWeek","$v":"0"},{"$i":"timePickerOrder","$v":"‮HWd‬"},{"$i":"datePickerOrder","$v":"‮Wpʎ‬"},{"$i":"hourMinutesSeparator","$v":":"},{"$i":"listSeparator_middle","$v":", "},{"$i":"time_am","$v":"‮∀W‬"},{"$i":"time_pm","$v":"‮ԀW‬"},{"$i":"durationPattern","$v":"‮ɥɥ‬:‮ɯɯ‬:‮ss‬.‮SS‬"}]