{"imageDescription":{"attrs":{"ariaLabel":{"value":[{"type":"idOrVar","name":"orientation"}," ‮ıɯɐƃǝ‬, ",{"type":"idOrVar","name":"timestamp"}]}}},"imageDescriptionNoTimestamp":{"attrs":{"ariaLabel":{"value":[{"type":"idOrVar","name":"orientation"}," ‮ıɯɐƃǝ‬"]}}},"videoDescription":{"attrs":{"ariaLabel":{"value":[{"type":"idOrVar","name":"orientation"}," ‮ʌıpǝo‬, ",{"type":"idOrVar","name":"timestamp"}]}}},"videoDescriptionNoTimestamp":{"attrs":{"ariaLabel":{"value":[{"type":"idOrVar","name":"orientation"}," ‮ʌıpǝo‬"]}}},"orientationPortrait":"‮doɹʇɹɐıʇ‬","orientationLandscape":"‮ʅɐupsɔɐdǝ‬","playbackPlay":{"attrs":{"ariaLabel":"‮Ԁʅɐʎ‬"}},"playbackPause":{"attrs":{"ariaLabel":"‮Ԁɐnsǝ‬"}},"playbackNext":{"attrs":{"ariaLabel":"‮Nǝxʇ‬"}},"playbackPrevious":{"attrs":{"ariaLabel":"‮Ԁɹǝʌıons‬"}},"playbackFullscreen":{"attrs":{"ariaLabel":"‮ɟnʅʅsɔɹǝǝu‬"}},"playbackSeekBar":{"attrs":{"ariaLabel":{"value":["‮Sǝǝʞ‬ ‮qɐɹ‬, ‮pnɹɐʇıou‬ ",{"type":"idOrVar","name":"duration"}]}}},"weekday-0-long":"‮Snupɐʎ‬","weekday-1-long":"‮Woupɐʎ‬","weekday-2-long":"‮⊥nǝspɐʎ‬","weekday-3-long":"‮Ｍǝpuǝspɐʎ‬","weekday-4-long":"‮⊥ɥnɹspɐʎ‬","weekday-5-long":"‮ɟɹıpɐʎ‬","weekday-6-long":"‮Sɐʇnɹpɐʎ‬","weekday-0-short":"‮Snu‬","weekday-1-short":"‮Wou‬","weekday-2-short":"‮⊥nǝ‬","weekday-3-short":"‮Ｍǝp‬","weekday-4-short":"‮⊥ɥn‬","weekday-5-short":"‮ɟɹı‬","weekday-6-short":"‮Sɐʇ‬","month-0-long":"‮ſɐunɐɹʎ‬","month-1-long":"‮ɟǝqɹnɐɹʎ‬","month-2-long":"‮Wɐɹɔɥ‬","month-3-long":"‮∀dɹıʅ‬","month-4-long":"‮Wɐʎ‬","month-5-long":"‮ſnuǝ‬","month-6-long":"‮ſnʅʎ‬","month-7-long":"‮∀nƃnsʇ‬","month-8-long":"‮Sǝdʇǝɯqǝɹ‬","month-9-long":"‮Oɔʇoqǝɹ‬","month-10-long":"‮Noʌǝɯqǝɹ‬","month-11-long":"‮pǝɔǝɯqǝɹ‬","month-0-genitive":"‮ſɐunɐɹʎ‬","month-1-genitive":"‮ɟǝqɹnɐɹʎ‬","month-2-genitive":"‮Wɐɹɔɥ‬","month-3-genitive":"‮∀dɹıʅ‬","month-4-genitive":"‮Wɐʎ‬","month-5-genitive":"‮ſnuǝ‬","month-6-genitive":"‮ſnʅʎ‬","month-7-genitive":"‮∀nƃnsʇ‬","month-8-genitive":"‮Sǝdʇǝɯqǝɹ‬","month-9-genitive":"‮Oɔʇoqǝɹ‬","month-10-genitive":"‮Noʌǝɯqǝɹ‬","month-11-genitive":"‮pǝɔǝɯqǝɹ‬","month-0-short":"‮ſɐu‬","month-1-short":"‮ɟǝq‬","month-2-short":"‮Wɐɹ‬","month-3-short":"‮∀dɹ‬","month-4-short":"‮Wɐʎ‬","month-5-short":"‮ſnu‬","month-6-short":"‮ſnʅ‬","month-7-short":"‮∀nƃ‬","month-8-short":"‮Sǝd‬","month-9-short":"‮Oɔʇ‬","month-10-short":"‮Noʌ‬","month-11-short":"‮pǝɔ‬","minutes-ago-long":{"value":{"zero":"‮ɾnsʇ‬ ‮uoʍ‬","one":"‮ɐ‬ ‮ɯıunʇǝ‬ ‮ɐƃo‬","two":[{"type":"idOrVar","name":"value"}," ‮ɯıunʇǝs‬ ‮ɐƃo‬"],"few":[{"type":"idOrVar","name":"value"}," ‮ɯıunʇǝs‬ ‮ɐƃo‬"],"many":[{"type":"idOrVar","name":"value"}," ‮ɯıunʇǝs‬ ‮ɐƃo‬"],"other":[{"type":"idOrVar","name":"value"}," ‮ɯıunʇǝs‬ ‮ɐƃo‬"]},"index":[{"type":"call","expr":{"type":"prop","expr":{"type":"glob","name":"cldr"},"prop":"plural","cmpt":false},"args":[{"type":"idOrVar","name":"value"}]}]},"hours-ago-long":{"value":{"zero":"‮ɾnsʇ‬ ‮uoʍ‬","one":"‮ɐu‬ ‮ɥonɹ‬ ‮ɐƃo‬","two":[{"type":"idOrVar","name":"value"}," ‮ɥonɹs‬ ‮ɐƃo‬"],"few":[{"type":"idOrVar","name":"value"}," ‮ɥonɹs‬ ‮ɐƃo‬"],"many":[{"type":"idOrVar","name":"value"}," ‮ɥonɹs‬ ‮ɐƃo‬"],"other":[{"type":"idOrVar","name":"value"}," ‮ɥonɹs‬ ‮ɐƃo‬"]},"index":[{"type":"call","expr":{"type":"prop","expr":{"type":"glob","name":"cldr"},"prop":"plural","cmpt":false},"args":[{"type":"idOrVar","name":"value"}]}]},"days-ago-long":{"value":{"zero":"‮ʇopɐʎ‬","one":"‮ʎǝsʇǝɹpɐʎ‬","two":[{"type":"idOrVar","name":"value"}," ‮pɐʎs‬ ‮ɐƃo‬"],"few":[{"type":"idOrVar","name":"value"}," ‮pɐʎs‬ ‮ɐƃo‬"],"many":[{"type":"idOrVar","name":"value"}," ‮pɐʎs‬ ‮ɐƃo‬"],"other":[{"type":"idOrVar","name":"value"}," ‮pɐʎs‬ ‮ɐƃo‬"]},"index":[{"type":"call","expr":{"type":"prop","expr":{"type":"glob","name":"cldr"},"prop":"plural","cmpt":false},"args":[{"type":"idOrVar","name":"value"}]}]},"weeks-ago-long":{"value":{"zero":"‮ʇɥıs‬ ‮ʍǝǝʞ‬","one":"‮ʅɐsʇ‬ ‮ʍǝǝʞ‬","two":[{"type":"idOrVar","name":"value"}," ‮ʍǝǝʞs‬ ‮ɐƃo‬"],"few":[{"type":"idOrVar","name":"value"}," ‮ʍǝǝʞs‬ ‮ɐƃo‬"],"many":[{"type":"idOrVar","name":"value"}," ‮ʍǝǝʞs‬ ‮ɐƃo‬"],"other":[{"type":"idOrVar","name":"value"}," ‮ʍǝǝʞs‬ ‮ɐƃo‬"]},"index":[{"type":"call","expr":{"type":"prop","expr":{"type":"glob","name":"cldr"},"prop":"plural","cmpt":false},"args":[{"type":"idOrVar","name":"value"}]}]},"months-ago-long":{"value":{"zero":"‮ʇɥıs‬ ‮ɯouʇɥ‬","one":"‮ʅɐsʇ‬ ‮ɯouʇɥ‬","two":[{"type":"idOrVar","name":"value"}," ‮ɯouʇɥs‬ ‮ɐƃo‬"],"few":[{"type":"idOrVar","name":"value"}," ‮ɯouʇɥs‬ ‮ɐƃo‬"],"many":[{"type":"idOrVar","name":"value"}," ‮ɯouʇɥs‬ ‮ɐƃo‬"],"other":[{"type":"idOrVar","name":"value"}," ‮ɯouʇɥs‬ ‮ɐƃo‬"]},"index":[{"type":"call","expr":{"type":"prop","expr":{"type":"glob","name":"cldr"},"prop":"plural","cmpt":false},"args":[{"type":"idOrVar","name":"value"}]}]},"years-ago-long":{"value":{"zero":"‮ʇɥıs‬ ‮ʎǝɐɹ‬","one":"‮ʅɐsʇ‬ ‮ʎǝɐɹ‬","two":[{"type":"idOrVar","name":"value"}," ‮ʎǝɐɹs‬ ‮ɐƃo‬"],"few":[{"type":"idOrVar","name":"value"}," ‮ʎǝɐɹs‬ ‮ɐƃo‬"],"many":[{"type":"idOrVar","name":"value"}," ‮ʎǝɐɹs‬ ‮ɐƃo‬"],"other":[{"type":"idOrVar","name":"value"}," ‮ʎǝɐɹs‬ ‮ɐƃo‬"]},"index":[{"type":"call","expr":{"type":"prop","expr":{"type":"glob","name":"cldr"},"prop":"plural","cmpt":false},"args":[{"type":"idOrVar","name":"value"}]}]},"minutes-until-long":{"value":{"zero":"‮uoʍ‬","one":"‮ıu‬ ‮ɐ‬ ‮ɯıunʇǝ‬","two":["‮ıu‬ ",{"type":"idOrVar","name":"value"}," ‮ɯıunʇǝs‬"],"few":["‮ıu‬ ",{"type":"idOrVar","name":"value"}," ‮ɯıunʇǝs‬"],"many":["‮ıu‬ ",{"type":"idOrVar","name":"value"}," ‮ɯıunʇǝs‬"],"other":["‮ıu‬ ",{"type":"idOrVar","name":"value"}," ‮ɯıunʇǝs‬"]},"index":[{"type":"call","expr":{"type":"prop","expr":{"type":"glob","name":"cldr"},"prop":"plural","cmpt":false},"args":[{"type":"idOrVar","name":"value"}]}]},"hours-until-long":{"value":{"zero":"‮uoʍ‬","one":"‮ıu‬ ‮ɐu‬ ‮ɥonɹ‬","two":["‮ıu‬ ",{"type":"idOrVar","name":"value"}," ‮ɥonɹs‬"],"few":["‮ıu‬ ",{"type":"idOrVar","name":"value"}," ‮ɥonɹs‬"],"many":["‮ıu‬ ",{"type":"idOrVar","name":"value"}," ‮ɥonɹs‬"],"other":["‮ıu‬ ",{"type":"idOrVar","name":"value"}," ‮ɥonɹs‬"]},"index":[{"type":"call","expr":{"type":"prop","expr":{"type":"glob","name":"cldr"},"prop":"plural","cmpt":false},"args":[{"type":"idOrVar","name":"value"}]}]},"days-until-long":{"value":{"zero":"‮ʇopɐʎ‬","one":"‮ʇoɯoɹɹoʍ‬","two":["‮ıu‬ ",{"type":"idOrVar","name":"value"}," ‮pɐʎs‬"],"few":["‮ıu‬ ",{"type":"idOrVar","name":"value"}," ‮pɐʎs‬"],"many":["‮ıu‬ ",{"type":"idOrVar","name":"value"}," ‮pɐʎs‬"],"other":["‮ıu‬ ",{"type":"idOrVar","name":"value"}," ‮pɐʎs‬"]},"index":[{"type":"call","expr":{"type":"prop","expr":{"type":"glob","name":"cldr"},"prop":"plural","cmpt":false},"args":[{"type":"idOrVar","name":"value"}]}]},"weeks-until-long":{"value":{"zero":"‮ʇɥıs‬ ‮ʍǝǝʞ‬","one":"‮uǝxʇ‬ ‮ʍǝǝʞ‬","two":["‮ıu‬ ",{"type":"idOrVar","name":"value"}," ‮ʍǝǝʞs‬"],"few":["‮ıu‬ ",{"type":"idOrVar","name":"value"}," ‮ʍǝǝʞs‬"],"many":["‮ıu‬ ",{"type":"idOrVar","name":"value"}," ‮ʍǝǝʞs‬"],"other":["‮ıu‬ ",{"type":"idOrVar","name":"value"}," ‮ʍǝǝʞs‬"]},"index":[{"type":"call","expr":{"type":"prop","expr":{"type":"glob","name":"cldr"},"prop":"plural","cmpt":false},"args":[{"type":"idOrVar","name":"value"}]}]},"months-until-long":{"value":{"zero":"‮ʇɥıs‬ ‮ɯouʇɥ‬","one":"‮uǝxʇ‬ ‮ɯouʇɥ‬","two":["‮ıu‬ ",{"type":"idOrVar","name":"value"}," ‮ɯouʇɥs‬"],"few":["‮ıu‬ ",{"type":"idOrVar","name":"value"}," ‮ɯouʇɥs‬"],"many":["‮ıu‬ ",{"type":"idOrVar","name":"value"}," ‮ɯouʇɥs‬"],"other":["‮ıu‬ ",{"type":"idOrVar","name":"value"}," ‮ɯouʇɥs‬"]},"index":[{"type":"call","expr":{"type":"prop","expr":{"type":"glob","name":"cldr"},"prop":"plural","cmpt":false},"args":[{"type":"idOrVar","name":"value"}]}]},"years-until-long":{"value":{"zero":"‮ʇɥıs‬ ‮ʎǝɐɹ‬","one":"‮uǝxʇ‬ ‮ʎǝɐɹ‬","two":["‮ıu‬ ",{"type":"idOrVar","name":"value"}," ‮ʎǝɐɹs‬"],"few":["‮ıu‬ ",{"type":"idOrVar","name":"value"}," ‮ʎǝɐɹs‬"],"many":["‮ıu‬ ",{"type":"idOrVar","name":"value"}," ‮ʎǝɐɹs‬"],"other":["‮ıu‬ ",{"type":"idOrVar","name":"value"}," ‮ʎǝɐɹs‬"]},"index":[{"type":"call","expr":{"type":"prop","expr":{"type":"glob","name":"cldr"},"prop":"plural","cmpt":false},"args":[{"type":"idOrVar","name":"value"}]}]},"minutes-ago-short":{"value":{"zero":"‮ɾnsʇ‬ ‮uoʍ‬","other":[{"type":"idOrVar","name":"value"},"‮ɯ‬ ‮ɐƃo‬"]},"index":[{"type":"call","expr":{"type":"prop","expr":{"type":"glob","name":"cldr"},"prop":"plural","cmpt":false},"args":[{"type":"idOrVar","name":"value"}]}]},"hours-ago-short":{"value":{"zero":"‮ɾnsʇ‬ ‮uoʍ‬","other":[{"type":"idOrVar","name":"value"},"‮ɥ‬ ‮ɐƃo‬"]},"index":[{"type":"call","expr":{"type":"prop","expr":{"type":"glob","name":"cldr"},"prop":"plural","cmpt":false},"args":[{"type":"idOrVar","name":"value"}]}]},"days-ago-short":{"value":{"zero":"‮ʇopɐʎ‬","other":[{"type":"idOrVar","name":"value"},"‮p‬ ‮ɐƃo‬"]},"index":[{"type":"call","expr":{"type":"prop","expr":{"type":"glob","name":"cldr"},"prop":"plural","cmpt":false},"args":[{"type":"idOrVar","name":"value"}]}]},"minutes-until-short":{"value":{"zero":"‮uoʍ‬","other":["‮ıu‬ ",{"type":"idOrVar","name":"value"},"‮ɯ‬"]},"index":[{"type":"call","expr":{"type":"prop","expr":{"type":"glob","name":"cldr"},"prop":"plural","cmpt":false},"args":[{"type":"idOrVar","name":"value"}]}]},"hours-until-short":{"value":{"zero":"‮uoʍ‬","other":["‮ıu‬ ",{"type":"idOrVar","name":"value"},"‮ɥ‬"]},"index":[{"type":"call","expr":{"type":"prop","expr":{"type":"glob","name":"cldr"},"prop":"plural","cmpt":false},"args":[{"type":"idOrVar","name":"value"}]}]},"days-until-short":{"value":{"zero":"‮ʇopɐʎ‬","other":["‮ıu‬ ",{"type":"idOrVar","name":"value"},"‮p‬"]},"index":[{"type":"call","expr":{"type":"prop","expr":{"type":"glob","name":"cldr"},"prop":"plural","cmpt":false},"args":[{"type":"idOrVar","name":"value"}]}]},"incorrectDate":"(‮ıuɔoɹɹǝɔʇ‬ ‮pɐʇǝ‬)","dateTimeFormat_%c":"%a %b %e %Y %I:%M:%S %p","dateTimeFormat_%x":"%m/%d/%Y","dateTimeFormat_%X":"%I:%M:%S %p","shortTimeFormat":"%I:%M %p","shortTimeFormat12":"%I:%M %p","shortTimeFormat24":"%H:%M","shortDateTimeFormat":"%x %I:%M %p","weekStartsOnMonday":"0","firstDayOfTheWeek":"0","timePickerOrder":"‮HWd‬","datePickerOrder":"‮Wpʎ‬","hourMinutesSeparator":":","listSeparator_middle":", ","time_am":"‮∀W‬","time_pm":"‮ԀW‬","durationPattern":"‮ɥɥ‬:‮ɯɯ‬:‮ss‬.‮SS‬","music":"‮Wnsıɔ‬","playlists2":"‮Ԁʅɐʎʅısʇs‬","artists":"‮∀ɹʇısʇs‬","albums":"‮∀ʅqnɯs‬","songs":"‮Souƃs‬","unknown":"?","unknownArtist":"‮∩uʞuoʍu‬ ‮ɐɹʇısʇ‬","unknownAlbum":"‮∩uʞuoʍu‬ ‮ɐʅqnɯ‬","unknownTitle":"‮∩uʞuoʍu‬ ‮ʇıʇʅǝ‬","empty-title":"‮∀pp‬ ‮souƃs‬ ‮ʇo‬ ‮ƃǝʇ‬ ‮sʇɐɹʇǝp‬","empty-text":"‮˥oɐp‬ ‮souƃs‬ ‮ou‬ ‮ʇo‬ ‮ʇɥǝ‬ ‮ɯǝɯoɹʎ‬ ‮ɔɐɹp‬.","nocard2-title":"‮No‬ ‮ɯǝɯoɹʎ‬ ‮ɔɐɹp‬ ‮ɟonup‬","nocard3-text":"‮Iusǝɹʇ‬ ‮ɐ‬ ‮ɯǝɯoɹʎ‬ ‮ɔɐɹp‬ ‮ʇo‬ ‮ʅısʇǝu‬ ‮ʇo‬ ‮souƃs‬.","pluggedin-title":"‮Wnsıɔ‬ ‮ɔɐu‬ ‮uoʇ‬ ‮qǝ‬ ‮nsǝp‬ ‮ʍɥıʅǝ‬ ‮dɥouǝ‬ ‮ıs‬ ‮dʅnƃƃǝp‬ ‮ıu‬","pluggedin-text":"‮∩udʅnƃ‬ ‮ʇɥǝ‬ ‮dɥouǝ‬ ‮ʇo‬ ‮dʅɐʎ‬ ‮ɯnsıɔ‬.","upgrade-title":"‮pɐʇɐqɐsǝ‬ ‮∩dƃɹɐpǝ‬","upgrade-text":"‮Ԁʅǝɐsǝ‬ ‮ʍɐıʇ‬ ‮ʍɥıʅǝ‬ ‮Wnsıɔ‬ ‮ndpɐʇǝs‬ ‮ıʇs‬ ‮pɐʇɐqɐsǝ‬.","search":"‮Sǝɐɹɔɥ‬","search-music":{"attrs":{"placeholder":"‮Sǝɐɹɔɥ‬ ‮Wnsıɔ‬"}},"search-cancel":"‮Ↄɐuɔǝʅ‬","search-artists":"‮∀ɹʇısʇs‬","search-albums":"‮∀ʅqnɯs‬","search-titles":"‮⊥ɹɐɔʞs‬","search-close":"‮ɔʅosǝ‬","search-no-result":"‮No‬ ‮ɯnsıɔ‬ ‮ɟonup‬","playlists-shuffle-all":"‮Sɥnɟɟʅǝ‬ ‮ɐʅʅ‬","playlists-highest-rated":"‮Hıƃɥǝsʇ‬ ‮ɹɐʇǝp‬","playlists-recently-added":"‮ᴚǝɔǝuʇʅʎ‬ ‮ɐppǝp‬","playlists-most-played":"‮Wosʇ‬ ‮dʅɐʎǝp‬","playlists-least-played":"‮˥ǝɐsʇ‬ ‮dʅɐʎǝp‬","picker-title":"‮Sǝʅǝɔʇ‬ ‮ɐ‬ ‮ʇɹɐɔʞ‬","save":"‮Sɐʌǝ‬","saved":{"value":["‮Sɐʌǝp‬ ",{"type":"idOrVar","name":"title"}," ‮ʇo‬ ‮Wnsıɔ‬"]},"audioinvalid":"‮∀npıo‬ ‮ɔɐuuoʇ‬ ‮qǝ‬ ‮dʅɐʎǝp‬: ‮ɟoɹɯɐʇ‬ ‮ıs‬ ‮nusnddoɹʇǝp‬ ‮oɹ‬ ‮ɟıʅǝ‬ ‮ıs‬ ‮ıuʌɐʅıp‬.","overlay-cancel-button":"‮Ↄɐuɔǝʅ‬","music-paused-notification":"‮Wnsıɔ‬ ‮dɐnsǝp‬ ‮pnɹıuƃ‬ ‮ʇɥǝ‬ ‮ɔɐʅʅ‬","done":"‮pouǝ‬","share-song":{"attrs":{"ariaLabel":"‮Sɥɐɹǝ‬"}},"player-album-rating":{"attrs":{"ariaLabel":"‮ᴚɐʇıuƃ‬"}},"rating-star":{"attrs":{"ariaLabel":{"value":{"zero":[{"type":"idOrVar","name":"n"}," ‮sʇɐɹs‬"],"one":[{"type":"idOrVar","name":"n"}," ‮sʇɐɹ‬"],"two":[{"type":"idOrVar","name":"n"}," ‮sʇɐɹs‬"],"few":[{"type":"idOrVar","name":"n"}," ‮sʇɐɹs‬"],"many":[{"type":"idOrVar","name":"n"}," ‮sʇɐɹs‬"],"other":[{"type":"idOrVar","name":"n"}," ‮sʇɐɹs‬"]},"index":[{"type":"call","expr":{"type":"prop","expr":{"type":"glob","name":"cldr"},"prop":"plural","cmpt":false},"args":[{"type":"idOrVar","name":"n"}]}]}}},"go-to-player-view":{"attrs":{"ariaLabel":"‮פo‬ ‮ʇo‬ ‮dʅɐʎǝɹ‬ ‮ʌıǝʍ‬"}},"repeat-off":{"attrs":{"ariaLabel":"‮ᴚǝdǝɐʇ‬ ‮oɟɟ‬"}},"repeat-list":{"attrs":{"ariaLabel":"‮ᴚǝdǝɐʇ‬ ‮ɐʅʅ‬"}},"repeat-song":{"attrs":{"ariaLabel":"‮ᴚǝdǝɐʇ‬ ‮ʇɹɐɔʞ‬"}},"shuffle-toggle":{"attrs":{"ariaLabel":"‮Sɥnɟɟʅǝ‬"}},"home-tab":{"attrs":{"ariaLabel":"‮Hoɯǝ‬"}},"playlists-tab":{"attrs":{"ariaLabel":"‮Ԁʅɐʎʅısʇs‬"}},"artists-tab":{"attrs":{"ariaLabel":"‮∀ɹʇısʇs‬"}},"albums-tab":{"attrs":{"ariaLabel":"‮∀ʅqnɯs‬"}},"songs-tab":{"attrs":{"ariaLabel":"‮Souƃs‬"}}}