{"imageDescription":{"attrs":{"ariaLabel":{"value":[{"type":"idOrVar","name":"orientation"}," īīḿȧȧɠḗḗ, ",{"type":"idOrVar","name":"timestamp"}]}}},"imageDescriptionNoTimestamp":{"attrs":{"ariaLabel":{"value":[{"type":"idOrVar","name":"orientation"}," īīḿȧȧɠḗḗ"]}}},"videoDescription":{"attrs":{"ariaLabel":{"value":[{"type":"idOrVar","name":"orientation"}," ṽīīḓḗḗǿǿ, ",{"type":"idOrVar","name":"timestamp"}]}}},"videoDescriptionNoTimestamp":{"attrs":{"ariaLabel":{"value":[{"type":"idOrVar","name":"orientation"}," ṽīīḓḗḗǿǿ"]}}},"orientationPortrait":"ƥǿǿřŧřȧȧīīŧ","orientationLandscape":"ŀȧȧƞḓşƈȧȧƥḗḗ","playbackPlay":{"attrs":{"ariaLabel":"Ƥŀȧȧẏ"}},"playbackPause":{"attrs":{"ariaLabel":"Ƥȧȧŭŭşḗḗ"}},"playbackNext":{"attrs":{"ariaLabel":"Ƞḗḗẋŧ"}},"playbackPrevious":{"attrs":{"ariaLabel":"Ƥřḗḗṽīīǿǿŭŭş"}},"playbackFullscreen":{"attrs":{"ariaLabel":"Ƒŭŭŀŀşƈřḗḗḗḗƞ"}},"playbackSeekBar":{"attrs":{"ariaLabel":{"value":["Şḗḗḗḗķ ƀȧȧř, ḓŭŭřȧȧŧīīǿǿƞ ",{"type":"idOrVar","name":"duration"}]}}},"weekday-0-long":"Şŭŭƞḓȧȧẏ","weekday-1-long":"Ḿǿǿƞḓȧȧẏ","weekday-2-long":"Ŧŭŭḗḗşḓȧȧẏ","weekday-3-long":"Ẇḗḗḓƞḗḗşḓȧȧẏ","weekday-4-long":"Ŧħŭŭřşḓȧȧẏ","weekday-5-long":"Ƒřīīḓȧȧẏ","weekday-6-long":"Şȧȧŧŭŭřḓȧȧẏ","weekday-0-short":"Şŭŭƞ","weekday-1-short":"Ḿǿǿƞ","weekday-2-short":"Ŧŭŭḗḗ","weekday-3-short":"Ẇḗḗḓ","weekday-4-short":"Ŧħŭŭ","weekday-5-short":"Ƒřīī","weekday-6-short":"Şȧȧŧ","month-0-long":"Ĵȧȧƞŭŭȧȧřẏ","month-1-long":"Ƒḗḗƀřŭŭȧȧřẏ","month-2-long":"Ḿȧȧřƈħ","month-3-long":"Ȧȧƥřīīŀ","month-4-long":"Ḿȧȧẏ","month-5-long":"Ĵŭŭƞḗḗ","month-6-long":"Ĵŭŭŀẏ","month-7-long":"Ȧȧŭŭɠŭŭşŧ","month-8-long":"Şḗḗƥŧḗḗḿƀḗḗř","month-9-long":"Ǿǿƈŧǿǿƀḗḗř","month-10-long":"Ƞǿǿṽḗḗḿƀḗḗř","month-11-long":"Ḓḗḗƈḗḗḿƀḗḗř","month-0-genitive":"Ĵȧȧƞŭŭȧȧřẏ","month-1-genitive":"Ƒḗḗƀřŭŭȧȧřẏ","month-2-genitive":"Ḿȧȧřƈħ","month-3-genitive":"Ȧȧƥřīīŀ","month-4-genitive":"Ḿȧȧẏ","month-5-genitive":"Ĵŭŭƞḗḗ","month-6-genitive":"Ĵŭŭŀẏ","month-7-genitive":"Ȧȧŭŭɠŭŭşŧ","month-8-genitive":"Şḗḗƥŧḗḗḿƀḗḗř","month-9-genitive":"Ǿǿƈŧǿǿƀḗḗř","month-10-genitive":"Ƞǿǿṽḗḗḿƀḗḗř","month-11-genitive":"Ḓḗḗƈḗḗḿƀḗḗř","month-0-short":"Ĵȧȧƞ","month-1-short":"Ƒḗḗƀ","month-2-short":"Ḿȧȧř","month-3-short":"Ȧȧƥř","month-4-short":"Ḿȧȧẏ","month-5-short":"Ĵŭŭƞ","month-6-short":"Ĵŭŭŀ","month-7-short":"Ȧȧŭŭɠ","month-8-short":"Şḗḗƥ","month-9-short":"Ǿǿƈŧ","month-10-short":"Ƞǿǿṽ","month-11-short":"Ḓḗḗƈ","minutes-ago-long":{"value":{"zero":"ĵŭŭşŧ ƞǿǿẇ","one":"ȧȧ ḿīīƞŭŭŧḗḗ ȧȧɠǿǿ","two":[{"type":"idOrVar","name":"value"}," ḿīīƞŭŭŧḗḗş ȧȧɠǿǿ"],"few":[{"type":"idOrVar","name":"value"}," ḿīīƞŭŭŧḗḗş ȧȧɠǿǿ"],"many":[{"type":"idOrVar","name":"value"}," ḿīīƞŭŭŧḗḗş ȧȧɠǿǿ"],"other":[{"type":"idOrVar","name":"value"}," ḿīīƞŭŭŧḗḗş ȧȧɠǿǿ"]},"index":[{"type":"call","expr":{"type":"prop","expr":{"type":"glob","name":"cldr"},"prop":"plural","cmpt":false},"args":[{"type":"idOrVar","name":"value"}]}]},"hours-ago-long":{"value":{"zero":"ĵŭŭşŧ ƞǿǿẇ","one":"ȧȧƞ ħǿǿŭŭř ȧȧɠǿǿ","two":[{"type":"idOrVar","name":"value"}," ħǿǿŭŭřş ȧȧɠǿǿ"],"few":[{"type":"idOrVar","name":"value"}," ħǿǿŭŭřş ȧȧɠǿǿ"],"many":[{"type":"idOrVar","name":"value"}," ħǿǿŭŭřş ȧȧɠǿǿ"],"other":[{"type":"idOrVar","name":"value"}," ħǿǿŭŭřş ȧȧɠǿǿ"]},"index":[{"type":"call","expr":{"type":"prop","expr":{"type":"glob","name":"cldr"},"prop":"plural","cmpt":false},"args":[{"type":"idOrVar","name":"value"}]}]},"days-ago-long":{"value":{"zero":"ŧǿǿḓȧȧẏ","one":"ẏḗḗşŧḗḗřḓȧȧẏ","two":[{"type":"idOrVar","name":"value"}," ḓȧȧẏş ȧȧɠǿǿ"],"few":[{"type":"idOrVar","name":"value"}," ḓȧȧẏş ȧȧɠǿǿ"],"many":[{"type":"idOrVar","name":"value"}," ḓȧȧẏş ȧȧɠǿǿ"],"other":[{"type":"idOrVar","name":"value"}," ḓȧȧẏş ȧȧɠǿǿ"]},"index":[{"type":"call","expr":{"type":"prop","expr":{"type":"glob","name":"cldr"},"prop":"plural","cmpt":false},"args":[{"type":"idOrVar","name":"value"}]}]},"weeks-ago-long":{"value":{"zero":"ŧħīīş ẇḗḗḗḗķ","one":"ŀȧȧşŧ ẇḗḗḗḗķ","two":[{"type":"idOrVar","name":"value"}," ẇḗḗḗḗķş ȧȧɠǿǿ"],"few":[{"type":"idOrVar","name":"value"}," ẇḗḗḗḗķş ȧȧɠǿǿ"],"many":[{"type":"idOrVar","name":"value"}," ẇḗḗḗḗķş ȧȧɠǿǿ"],"other":[{"type":"idOrVar","name":"value"}," ẇḗḗḗḗķş ȧȧɠǿǿ"]},"index":[{"type":"call","expr":{"type":"prop","expr":{"type":"glob","name":"cldr"},"prop":"plural","cmpt":false},"args":[{"type":"idOrVar","name":"value"}]}]},"months-ago-long":{"value":{"zero":"ŧħīīş ḿǿǿƞŧħ","one":"ŀȧȧşŧ ḿǿǿƞŧħ","two":[{"type":"idOrVar","name":"value"}," ḿǿǿƞŧħş ȧȧɠǿǿ"],"few":[{"type":"idOrVar","name":"value"}," ḿǿǿƞŧħş ȧȧɠǿǿ"],"many":[{"type":"idOrVar","name":"value"}," ḿǿǿƞŧħş ȧȧɠǿǿ"],"other":[{"type":"idOrVar","name":"value"}," ḿǿǿƞŧħş ȧȧɠǿǿ"]},"index":[{"type":"call","expr":{"type":"prop","expr":{"type":"glob","name":"cldr"},"prop":"plural","cmpt":false},"args":[{"type":"idOrVar","name":"value"}]}]},"years-ago-long":{"value":{"zero":"ŧħīīş ẏḗḗȧȧř","one":"ŀȧȧşŧ ẏḗḗȧȧř","two":[{"type":"idOrVar","name":"value"}," ẏḗḗȧȧřş ȧȧɠǿǿ"],"few":[{"type":"idOrVar","name":"value"}," ẏḗḗȧȧřş ȧȧɠǿǿ"],"many":[{"type":"idOrVar","name":"value"}," ẏḗḗȧȧřş ȧȧɠǿǿ"],"other":[{"type":"idOrVar","name":"value"}," ẏḗḗȧȧřş ȧȧɠǿǿ"]},"index":[{"type":"call","expr":{"type":"prop","expr":{"type":"glob","name":"cldr"},"prop":"plural","cmpt":false},"args":[{"type":"idOrVar","name":"value"}]}]},"minutes-until-long":{"value":{"zero":"ƞǿǿẇ","one":"īīƞ ȧȧ ḿīīƞŭŭŧḗḗ","two":["īīƞ ",{"type":"idOrVar","name":"value"}," ḿīīƞŭŭŧḗḗş"],"few":["īīƞ ",{"type":"idOrVar","name":"value"}," ḿīīƞŭŭŧḗḗş"],"many":["īīƞ ",{"type":"idOrVar","name":"value"}," ḿīīƞŭŭŧḗḗş"],"other":["īīƞ ",{"type":"idOrVar","name":"value"}," ḿīīƞŭŭŧḗḗş"]},"index":[{"type":"call","expr":{"type":"prop","expr":{"type":"glob","name":"cldr"},"prop":"plural","cmpt":false},"args":[{"type":"idOrVar","name":"value"}]}]},"hours-until-long":{"value":{"zero":"ƞǿǿẇ","one":"īīƞ ȧȧƞ ħǿǿŭŭř","two":["īīƞ ",{"type":"idOrVar","name":"value"}," ħǿǿŭŭřş"],"few":["īīƞ ",{"type":"idOrVar","name":"value"}," ħǿǿŭŭřş"],"many":["īīƞ ",{"type":"idOrVar","name":"value"}," ħǿǿŭŭřş"],"other":["īīƞ ",{"type":"idOrVar","name":"value"}," ħǿǿŭŭřş"]},"index":[{"type":"call","expr":{"type":"prop","expr":{"type":"glob","name":"cldr"},"prop":"plural","cmpt":false},"args":[{"type":"idOrVar","name":"value"}]}]},"days-until-long":{"value":{"zero":"ŧǿǿḓȧȧẏ","one":"ŧǿǿḿǿǿřřǿǿẇ","two":["īīƞ ",{"type":"idOrVar","name":"value"}," ḓȧȧẏş"],"few":["īīƞ ",{"type":"idOrVar","name":"value"}," ḓȧȧẏş"],"many":["īīƞ ",{"type":"idOrVar","name":"value"}," ḓȧȧẏş"],"other":["īīƞ ",{"type":"idOrVar","name":"value"}," ḓȧȧẏş"]},"index":[{"type":"call","expr":{"type":"prop","expr":{"type":"glob","name":"cldr"},"prop":"plural","cmpt":false},"args":[{"type":"idOrVar","name":"value"}]}]},"weeks-until-long":{"value":{"zero":"ŧħīīş ẇḗḗḗḗķ","one":"ƞḗḗẋŧ ẇḗḗḗḗķ","two":["īīƞ ",{"type":"idOrVar","name":"value"}," ẇḗḗḗḗķş"],"few":["īīƞ ",{"type":"idOrVar","name":"value"}," ẇḗḗḗḗķş"],"many":["īīƞ ",{"type":"idOrVar","name":"value"}," ẇḗḗḗḗķş"],"other":["īīƞ ",{"type":"idOrVar","name":"value"}," ẇḗḗḗḗķş"]},"index":[{"type":"call","expr":{"type":"prop","expr":{"type":"glob","name":"cldr"},"prop":"plural","cmpt":false},"args":[{"type":"idOrVar","name":"value"}]}]},"months-until-long":{"value":{"zero":"ŧħīīş ḿǿǿƞŧħ","one":"ƞḗḗẋŧ ḿǿǿƞŧħ","two":["īīƞ ",{"type":"idOrVar","name":"value"}," ḿǿǿƞŧħş"],"few":["īīƞ ",{"type":"idOrVar","name":"value"}," ḿǿǿƞŧħş"],"many":["īīƞ ",{"type":"idOrVar","name":"value"}," ḿǿǿƞŧħş"],"other":["īīƞ ",{"type":"idOrVar","name":"value"}," ḿǿǿƞŧħş"]},"index":[{"type":"call","expr":{"type":"prop","expr":{"type":"glob","name":"cldr"},"prop":"plural","cmpt":false},"args":[{"type":"idOrVar","name":"value"}]}]},"years-until-long":{"value":{"zero":"ŧħīīş ẏḗḗȧȧř","one":"ƞḗḗẋŧ ẏḗḗȧȧř","two":["īīƞ ",{"type":"idOrVar","name":"value"}," ẏḗḗȧȧřş"],"few":["īīƞ ",{"type":"idOrVar","name":"value"}," ẏḗḗȧȧřş"],"many":["īīƞ ",{"type":"idOrVar","name":"value"}," ẏḗḗȧȧřş"],"other":["īīƞ ",{"type":"idOrVar","name":"value"}," ẏḗḗȧȧřş"]},"index":[{"type":"call","expr":{"type":"prop","expr":{"type":"glob","name":"cldr"},"prop":"plural","cmpt":false},"args":[{"type":"idOrVar","name":"value"}]}]},"minutes-ago-short":{"value":{"zero":"ĵŭŭşŧ ƞǿǿẇ","other":[{"type":"idOrVar","name":"value"},"ḿ ȧȧɠǿǿ"]},"index":[{"type":"call","expr":{"type":"prop","expr":{"type":"glob","name":"cldr"},"prop":"plural","cmpt":false},"args":[{"type":"idOrVar","name":"value"}]}]},"hours-ago-short":{"value":{"zero":"ĵŭŭşŧ ƞǿǿẇ","other":[{"type":"idOrVar","name":"value"},"ħ ȧȧɠǿǿ"]},"index":[{"type":"call","expr":{"type":"prop","expr":{"type":"glob","name":"cldr"},"prop":"plural","cmpt":false},"args":[{"type":"idOrVar","name":"value"}]}]},"days-ago-short":{"value":{"zero":"ŧǿǿḓȧȧẏ","other":[{"type":"idOrVar","name":"value"},"ḓ ȧȧɠǿǿ"]},"index":[{"type":"call","expr":{"type":"prop","expr":{"type":"glob","name":"cldr"},"prop":"plural","cmpt":false},"args":[{"type":"idOrVar","name":"value"}]}]},"minutes-until-short":{"value":{"zero":"ƞǿǿẇ","other":["īīƞ ",{"type":"idOrVar","name":"value"},"ḿ"]},"index":[{"type":"call","expr":{"type":"prop","expr":{"type":"glob","name":"cldr"},"prop":"plural","cmpt":false},"args":[{"type":"idOrVar","name":"value"}]}]},"hours-until-short":{"value":{"zero":"ƞǿǿẇ","other":["īīƞ ",{"type":"idOrVar","name":"value"},"ħ"]},"index":[{"type":"call","expr":{"type":"prop","expr":{"type":"glob","name":"cldr"},"prop":"plural","cmpt":false},"args":[{"type":"idOrVar","name":"value"}]}]},"days-until-short":{"value":{"zero":"ŧǿǿḓȧȧẏ","other":["īīƞ ",{"type":"idOrVar","name":"value"},"ḓ"]},"index":[{"type":"call","expr":{"type":"prop","expr":{"type":"glob","name":"cldr"},"prop":"plural","cmpt":false},"args":[{"type":"idOrVar","name":"value"}]}]},"incorrectDate":"(īīƞƈǿǿřřḗḗƈŧ ḓȧȧŧḗḗ)","dateTimeFormat_%c":"%a %b %e %Y %I:%M:%S %p","dateTimeFormat_%x":"%m/%d/%Y","dateTimeFormat_%X":"%I:%M:%S %p","shortTimeFormat":"%I:%M %p","shortTimeFormat12":"%I:%M %p","shortTimeFormat24":"%H:%M","shortDateTimeFormat":"%x %I:%M %p","weekStartsOnMonday":"0","firstDayOfTheWeek":"0","timePickerOrder":"ĦḾƥ","datePickerOrder":"ḾḒẎ","hourMinutesSeparator":":","listSeparator_middle":", ","time_am":"ȦȧḾ","time_pm":"ƤḾ","durationPattern":"ħħ:ḿḿ:şş.ŞŞ","music":"Ḿŭŭşīīƈ","playlists2":"Ƥŀȧȧẏŀīīşŧş","artists":"Ȧȧřŧīīşŧş","albums":"Ȧȧŀƀŭŭḿş","songs":"Şǿǿƞɠş","unknown":"?","unknownArtist":"Ŭŭƞķƞǿǿẇƞ ȧȧřŧīīşŧ","unknownAlbum":"Ŭŭƞķƞǿǿẇƞ ȧȧŀƀŭŭḿ","unknownTitle":"Ŭŭƞķƞǿǿẇƞ ŧīīŧŀḗḗ","empty-title":"Ȧȧḓḓ şǿǿƞɠş ŧǿǿ ɠḗḗŧ şŧȧȧřŧḗḗḓ","empty-text":"Ŀǿǿȧȧḓ şǿǿƞɠş ǿǿƞ ŧǿǿ ŧħḗḗ ḿḗḗḿǿǿřẏ ƈȧȧřḓ.","nocard2-title":"Ƞǿǿ ḿḗḗḿǿǿřẏ ƈȧȧřḓ ƒǿǿŭŭƞḓ","nocard3-text":"Īīƞşḗḗřŧ ȧȧ ḿḗḗḿǿǿřẏ ƈȧȧřḓ ŧǿǿ ŀīīşŧḗḗƞ ŧǿǿ şǿǿƞɠş.","pluggedin-title":"Ḿŭŭşīīƈ ƈȧȧƞ ƞǿǿŧ ƀḗḗ ŭŭşḗḗḓ ẇħīīŀḗḗ ƥħǿǿƞḗḗ īīş ƥŀŭŭɠɠḗḗḓ īīƞ","pluggedin-text":"Ŭŭƞƥŀŭŭɠ ŧħḗḗ ƥħǿǿƞḗḗ ŧǿǿ ƥŀȧȧẏ ḿŭŭşīīƈ.","upgrade-title":"Ḓȧȧŧȧȧƀȧȧşḗḗ Ŭŭƥɠřȧȧḓḗḗ","upgrade-text":"Ƥŀḗḗȧȧşḗḗ ẇȧȧīīŧ ẇħīīŀḗḗ Ḿŭŭşīīƈ ŭŭƥḓȧȧŧḗḗş īīŧş ḓȧȧŧȧȧƀȧȧşḗḗ.","search":"Şḗḗȧȧřƈħ","search-music":{"attrs":{"placeholder":"Şḗḗȧȧřƈħ Ḿŭŭşīīƈ"}},"search-cancel":"Ƈȧȧƞƈḗḗŀ","search-artists":"Ȧȧřŧīīşŧş","search-albums":"Ȧȧŀƀŭŭḿş","search-titles":"Ŧřȧȧƈķş","search-close":"ƈŀǿǿşḗḗ","search-no-result":"Ƞǿǿ ḿŭŭşīīƈ ƒǿǿŭŭƞḓ","playlists-shuffle-all":"Şħŭŭƒƒŀḗḗ ȧȧŀŀ","playlists-highest-rated":"Ħīīɠħḗḗşŧ řȧȧŧḗḗḓ","playlists-recently-added":"Řḗḗƈḗḗƞŧŀẏ ȧȧḓḓḗḗḓ","playlists-most-played":"Ḿǿǿşŧ ƥŀȧȧẏḗḗḓ","playlists-least-played":"Ŀḗḗȧȧşŧ ƥŀȧȧẏḗḗḓ","picker-title":"Şḗḗŀḗḗƈŧ ȧȧ ŧřȧȧƈķ","save":"Şȧȧṽḗḗ","saved":{"value":["Şȧȧṽḗḗḓ ",{"type":"idOrVar","name":"title"}," ŧǿǿ Ḿŭŭşīīƈ"]},"audioinvalid":"Ȧȧŭŭḓīīǿǿ ƈȧȧƞƞǿǿŧ ƀḗḗ ƥŀȧȧẏḗḗḓ: ƒǿǿřḿȧȧŧ īīş ŭŭƞşŭŭƥƥǿǿřŧḗḗḓ ǿǿř ƒīīŀḗḗ īīş īīƞṽȧȧŀīīḓ.","overlay-cancel-button":"Ƈȧȧƞƈḗḗŀ","music-paused-notification":"Ḿŭŭşīīƈ ƥȧȧŭŭşḗḗḓ ḓŭŭřīīƞɠ ŧħḗḗ ƈȧȧŀŀ","done":"Ḓǿǿƞḗḗ","share-song":{"attrs":{"ariaLabel":"Şħȧȧřḗḗ"}},"player-album-rating":{"attrs":{"ariaLabel":"Řȧȧŧīīƞɠ"}},"rating-star":{"attrs":{"ariaLabel":{"value":{"zero":[{"type":"idOrVar","name":"n"}," şŧȧȧřş"],"one":[{"type":"idOrVar","name":"n"}," şŧȧȧř"],"two":[{"type":"idOrVar","name":"n"}," şŧȧȧřş"],"few":[{"type":"idOrVar","name":"n"}," şŧȧȧřş"],"many":[{"type":"idOrVar","name":"n"}," şŧȧȧřş"],"other":[{"type":"idOrVar","name":"n"}," şŧȧȧřş"]},"index":[{"type":"call","expr":{"type":"prop","expr":{"type":"glob","name":"cldr"},"prop":"plural","cmpt":false},"args":[{"type":"idOrVar","name":"n"}]}]}}},"go-to-player-view":{"attrs":{"ariaLabel":"Ɠǿǿ ŧǿǿ ƥŀȧȧẏḗḗř ṽīīḗḗẇ"}},"repeat-off":{"attrs":{"ariaLabel":"Řḗḗƥḗḗȧȧŧ ǿǿƒƒ"}},"repeat-list":{"attrs":{"ariaLabel":"Řḗḗƥḗḗȧȧŧ ȧȧŀŀ"}},"repeat-song":{"attrs":{"ariaLabel":"Řḗḗƥḗḗȧȧŧ ŧřȧȧƈķ"}},"shuffle-toggle":{"attrs":{"ariaLabel":"Şħŭŭƒƒŀḗḗ"}},"home-tab":{"attrs":{"ariaLabel":"Ħǿǿḿḗḗ"}},"playlists-tab":{"attrs":{"ariaLabel":"Ƥŀȧȧẏŀīīşŧş"}},"artists-tab":{"attrs":{"ariaLabel":"Ȧȧřŧīīşŧş"}},"albums-tab":{"attrs":{"ariaLabel":"Ȧȧŀƀŭŭḿş"}},"songs-tab":{"attrs":{"ariaLabel":"Şǿǿƞɠş"}}}